{
  "problem": {
    "num_customers": 23,
    "num_agents": 3,
    "resources_per_agent": 5,
    "depot": 0,
    "tsp_file": "datasets/gr24/gr24.tsp",
    "jobs_file": "datasets/gr24/1R10/job_times_2.csv"
  },
  "alns_config": {
    "max_iterations": 20000,
    "max_time_seconds": 300,
    "parallel_workers": 4,
    "allow_cross_vehicle": true
  },
  "warm_start": {
    "used": true,
    "file": "results/heuristics_only/gr24/1R10/job_times_2_heuristics.json",
    "heuristic": "Greedy Defer 5.0x",
    "initial_makespan": 7361.0
  },
  "solution": {
    "makespan": 7055.0,
    "solve_time_seconds": 4.907443284988403,
    "cross_vehicle_pickups": 7,
    "improvement": 306.0,
    "improvement_pct": 4.157043879907621,
    "chromosome": [
      [
        1.0,
        1.0,
        0.5555555820465088,
        0.7222222089767456
      ],
      [
        0.0,
        0.0,
        0.6875,
        0.75
      ],
      [
        1.0,
        2.0,
        0.0555555559694767,
        0.9166666865348816
      ],
      [
        0.0,
        0.0,
        0.25,
        0.875
      ],
      [
        0.0,
        1.0,
        0.0,
        0.9444444179534912
      ],
      [
        2.0,
        1.0,
        0.0833333358168602,
        0.8888888955116272
      ],
      [
        0.0,
        0.0,
        0.0625,
        0.125
      ],
      [
        1.0,
        1.0,
        0.2222222238779068,
        0.2777777910232544
      ],
      [
        2.0,
        2.0,
        0.25,
        0.3333333432674408
      ],
      [
        2.0,
        2.0,
        0.6666666865348816,
        0.75
      ],
      [
        1.0,
        0.0,
        0.0,
        0.9375
      ],
      [
        1.0,
        1.0,
        0.3333333432674408,
        0.3888888955116272
      ],
      [
        1.0,
        1.0,
        0.4444444477558136,
        0.5
      ],
      [
        1.0,
        1.0,
        0.6111111044883728,
        0.6666666865348816
      ],
      [
        2.0,
        2.0,
        0.0,
        0.8333333134651184
      ],
      [
        2.0,
        1.0,
        0.4166666567325592,
        0.7777777910232544
      ],
      [
        0.0,
        0.0,
        0.5625,
        0.625
      ],
      [
        0.0,
        0.0,
        0.4375,
        0.5
      ],
      [
        0.0,
        0.0,
        0.3125,
        0.375
      ],
      [
        0.0,
        1.0,
        0.1875,
        0.8333333134651184
      ],
      [
        2.0,
        2.0,
        0.5,
        0.5833333134651184
      ],
      [
        1.0,
        1.0,
        0.1111111119389534,
        0.1666666716337204
      ],
      [
        2.0,
        0.0,
        0.1666666716337204,
        0.8125
      ]
    ],
    "routes": [
      {
        "agent": 0,
        "stops": [
          {
            "node": 5,
            "operation": "dropoff"
          },
          {
            "node": 7,
            "operation": "dropoff"
          },
          {
            "node": 7,
            "operation": "pickup"
          },
          {
            "node": 20,
            "operation": "dropoff"
          },
          {
            "node": 4,
            "operation": "dropoff"
          },
          {
            "node": 19,
            "operation": "dropoff"
          },
          {
            "node": 19,
            "operation": "pickup"
          },
          {
            "node": 18,
            "operation": "dropoff"
          },
          {
            "node": 18,
            "operation": "pickup"
          },
          {
            "node": 17,
            "operation": "dropoff"
          },
          {
            "node": 17,
            "operation": "pickup"
          },
          {
            "node": 2,
            "operation": "dropoff"
          },
          {
            "node": 2,
            "operation": "pickup"
          },
          {
            "node": 23,
            "operation": "pickup"
          },
          {
            "node": 4,
            "operation": "pickup"
          },
          {
            "node": 11,
            "operation": "pickup"
          }
        ],
        "completion_time": 7050.0
      },
      {
        "agent": 1,
        "stops": [
          {
            "node": 11,
            "operation": "dropoff"
          },
          {
            "node": 3,
            "operation": "dropoff"
          },
          {
            "node": 22,
            "operation": "dropoff"
          },
          {
            "node": 22,
            "operation": "pickup"
          },
          {
            "node": 8,
            "operation": "dropoff"
          },
          {
            "node": 8,
            "operation": "pickup"
          },
          {
            "node": 12,
            "operation": "dropoff"
          },
          {
            "node": 12,
            "operation": "pickup"
          },
          {
            "node": 13,
            "operation": "dropoff"
          },
          {
            "node": 13,
            "operation": "pickup"
          },
          {
            "node": 1,
            "operation": "dropoff"
          },
          {
            "node": 14,
            "operation": "dropoff"
          },
          {
            "node": 14,
            "operation": "pickup"
          },
          {
            "node": 1,
            "operation": "pickup"
          },
          {
            "node": 16,
            "operation": "pickup"
          },
          {
            "node": 20,
            "operation": "pickup"
          }
        ],
        "completion_time": 7055.0
      },
      {
        "agent": 2,
        "stops": [
          {
            "node": 15,
            "operation": "dropoff"
          },
          {
            "node": 6,
            "operation": "dropoff"
          },
          {
            "node": 23,
            "operation": "dropoff"
          },
          {
            "node": 9,
            "operation": "dropoff"
          },
          {
            "node": 9,
            "operation": "pickup"
          },
          {
            "node": 16,
            "operation": "dropoff"
          },
          {
            "node": 21,
            "operation": "dropoff"
          },
          {
            "node": 21,
            "operation": "pickup"
          },
          {
            "node": 10,
            "operation": "dropoff"
          },
          {
            "node": 10,
            "operation": "pickup"
          },
          {
            "node": 15,
            "operation": "pickup"
          },
          {
            "node": 3,
            "operation": "pickup"
          },
          {
            "node": 5,
            "operation": "pickup"
          },
          {
            "node": 6,
            "operation": "pickup"
          }
        ],
        "completion_time": 7003.0
      }
    ],
    "jobs": {
      "15": {
        "dropoff_time": 54.0,
        "processing_start": 54.0,
        "processing_end": 746.0,
        "pickup_time": 6689.0,
        "wait_time": 0.0,
        "assigned_agent": 2
      },
      "11": {
        "dropoff_time": 70.0,
        "processing_start": 70.0,
        "processing_end": 2534.0,
        "pickup_time": 6980.0,
        "wait_time": 0.0,
        "assigned_agent": 1
      },
      "5": {
        "dropoff_time": 80.0,
        "processing_start": 80.0,
        "processing_end": 173.0,
        "pickup_time": 6848.0,
        "wait_time": 0.0,
        "assigned_agent": 0
      },
      "3": {
        "dropoff_time": 97.0,
        "processing_start": 97.0,
        "processing_end": 681.0,
        "pickup_time": 6771.0,
        "wait_time": 0.0,
        "assigned_agent": 1
      },
      "6": {
        "dropoff_time": 97.0,
        "processing_start": 97.0,
        "processing_end": 1147.0,
        "pickup_time": 6873.0,
        "wait_time": 0.0,
        "assigned_agent": 2
      },
      "7": {
        "dropoff_time": 109.0,
        "processing_start": 109.0,