{
  "problem": {
    "num_customers": 20,
    "num_agents": 3,
    "resources_per_agent": 5,
    "depot": 0,
    "tsp_file": "datasets/gr21/gr21.tsp",
    "jobs_file": "datasets/gr21/base/job_times.csv"
  },
  "alns_config": {
    "max_iterations": 20000,
    "max_time_seconds": 300,
    "parallel_workers": 4,
    "allow_cross_vehicle": true
  },
  "warm_start": {
    "used": true,
    "file": "results/heuristics_only/gr21/base/gr21_heuristics.json",
    "heuristic": "Greedy Defer 5.0x",
    "initial_makespan": 2792.0
  },
  "solution": {
    "makespan": 2792.0,
    "solve_time_seconds": 9.866894721984863,
    "cross_vehicle_pickups": 8,
    "improvement": 0.0,
    "improvement_pct": 0.0,
    "chromosome": [
      [
        2.0,
        2.0,
        0.3333333432674408,
        0.4166666567325592
      ],
      [
        0.0,
        0.0,
        0.5714285969734192,
        0.6428571343421936
      ],
      [
        1.0,
        2.0,
        0.0,
        0.8333333134651184
      ],
      [
        0.0,
        0.0,
        0.2857142984867096,
        0.3571428656578064
      ],
      [
        0.0,
        0.0,
        0.1428571492433548,
        0.7857142686843872
      ],
      [
        2.0,
        0.0,
        0.0,
        0.9285714030265808
      ],
      [
        0.0,
        0.0,
        0.0714285746216774,
        0.8571428656578064
      ],
      [
        0.0,
        0.0,
        0.4285714328289032,
        0.5
      ],
      [
        1.0,
        1.0,
        0.2857142984867096,
        0.3571428656578064
      ],
      [
        1.0,
        1.0,
        0.0714285746216774,
        0.9285714030265808
      ],
      [
        0.0,
        2.0,
        0.0,
        0.9166666865348816
      ],
      [
        1.0,
        1.0,
        0.5714285969734192,
        0.6428571343421936
      ],
      [
        2.0,
        2.0,
        0.5,
        0.5833333134651184
      ],
      [
        2.0,
        1.0,
        0.25,
        0.7142857313156128
      ],
      [
        0.0,
        0.0,
        0.2142857164144516,
        0.7142857313156128
      ],
      [
        1.0,
        2.0,
        0.2142857164144516,
        0.6666666865348816
      ],
      [
        1.0,
        1.0,
        0.4285714328289032,
        0.5
      ],
      [
        1.0,
        2.0,
        0.1428571492433548,
        0.75
      ],
      [
        2.0,
        1.0,
        0.0833333358168602,
        0.8571428656578064
      ],
      [
        2.0,
        1.0,
        0.1666666716337204,
        0.7857142686843872
      ]
    ],
    "routes": [
      {
        "agent": 0,
        "stops": [
          {
            "node": 11,
            "operation": "dropoff"
          },
          {
            "node": 7,
            "operation": "dropoff"
          },
          {
            "node": 5,
            "operation": "dropoff"
          },
          {
            "node": 15,
            "operation": "dropoff"
          },
          {
            "node": 4,
            "operation": "dropoff"
          },
          {
            "node": 4,
            "operation": "pickup"
          },
          {
            "node": 8,
            "operation": "dropoff"
          },
          {
            "node": 8,
            "operation": "pickup"
          },
          {
            "node": 2,
            "operation": "dropoff"
          },
          {
            "node": 2,
            "operation": "pickup"
          },
          {
            "node": 15,
            "operation": "pickup"
          },
          {
            "node": 5,
            "operation": "pickup"
          },
          {
            "node": 7,
            "operation": "pickup"
          },
          {
            "node": 6,
            "operation": "pickup"
          }
        ],
        "completion_time": 2792.0
      },
      {
        "agent": 1,
        "stops": [
          {
            "node": 3,
            "operation": "dropoff"
          },
          {
            "node": 10,
            "operation": "dropoff"
          },
          {
            "node": 18,
            "operation": "dropoff"
          },
          {
            "node": 16,
            "operation": "dropoff"
          },
          {
            "node": 9,
            "operation": "dropoff"
          },
          {
            "node": 9,
            "operation": "pickup"
          },
          {
            "node": 17,
            "operation": "dropoff"
          },
          {
            "node": 17,
            "operation": "pickup"
          },
          {
            "node": 12,
            "operation": "dropoff"
          },
          {
            "node": 12,
            "operation": "pickup"
          },
          {
            "node": 14,
            "operation": "pickup"
          },
          {
            "node": 20,
            "operation": "pickup"
          },
          {
            "node": 19,
            "operation": "pickup"
          },
          {
            "node": 10,
            "operation": "pickup"
          }
        ],
        "completion_time": 2773.0
      },
      {
        "agent": 2,
        "stops": [
          {
            "node": 6,
            "operation": "dropoff"
          },
          {
            "node": 19,
            "operation": "dropoff"
          },
          {
            "node": 20,
            "operation": "dropoff"
          },
          {
            "node": 14,
            "operation": "dropoff"
          },
          {
            "node": 1,
            "operation": "dropoff"
          },
          {
            "node": 1,
            "operation": "pickup"
          },
          {
            "node": 13,
            "operation": "dropoff"
          },
          {
            "node": 13,
            "operation": "pickup"
          },
          {
            "node": 16,
            "operation": "pickup"
          },
          {
            "node": 18,
            "operation": "pickup"
          },
          {
            "node": 3,
            "operation": "pickup"
          },
          {
            "node": 11,
            "operation": "pickup"
          }
        ],
        "completion_time": 2277.0
      }
    ],
    "jobs": {
      "11": {
        "dropoff_time": 68.0,
        "processing_start": 68.0,
        "processing_end": 309.0,
        "pickup_time": 2209.0,
        "wait_time": 0.0,
        "assigned_agent": 0
      },
      "3": {
        "dropoff_time": 91.0,
        "processing_start": 91.0,
        "processing_end": 388.0,
        "pickup_time": 2182.0,
        "wait_time": 0.0,
        "assigned_agent": 1
      },
      "6": {
        "dropoff_time": 110.0,
        "processing_start": 110.0,
        "processing_end": 837.0,
        "pickup_time": 2682.0,
        "wait_time": 0.0,
        "assigned_agent": 2
      },
      "7": {
        "dropoff_time": 135.0,
        "processing_start": 135.0,
        "processing_end": 182.0,
        "pickup_time": 2653.0,
        "wait_time": 0.0,
        "assigned_agent": 0
      },
      "10": {
        "dropoff_time": 154.0,
        "processing_start": 154.0,
        "processing_end": 647.0,
        "pickup_time": 2618.0,
        "wait_time": 0.0,
        "assigned_agent": 1
      },
      "5": {
        "dropoff_time": 171.0,
        "processing_start": 171.0,
        "processing_end": 269.0,
        "pickup_time": 2617.0,
        "wait_time": 0.0,
        "assigned_agent": 0
      },
      "18": {
        "dropoff_time": 279.0,
        "processing_start": 279.0,
        "processing_end": 436.0,
        "pickup_time": 2022.0,
        "wait_time": 0.0,
        "assigned_agent": 1
      },
      "15": {
        "dropoff_time": 296.0,
        "processing_start": 296.0,
        "processing_end": 695.0,
        "pickup_time": 2492.0,
        "wait_time": 0.0,
        "assigned_agent": 0
      },
      "19": {
        "dropoff_time": 315.0,
        "processing_start": 315.0,
        "processing_end": 1003.0,