{
  "problem": {
    "num_customers": 23,
    "num_agents": 3,
    "resources_per_agent": 5,
    "depot": 0,
    "tsp_file": "datasets/gr24/gr24.tsp",
    "jobs_file": "datasets/gr24/1R20/job_times_2.csv"
  },
  "alns_config": {
    "max_iterations": 20000,
    "max_time_seconds": 300,
    "parallel_workers": 4,
    "allow_cross_vehicle": true
  },
  "warm_start": {
    "used": true,
    "file": "results/heuristics_only/gr24/1R20/job_times_2_heuristics.json",
    "heuristic": "Max Regret",
    "initial_makespan": 8573.0
  },
  "solution": {
    "makespan": 7690.0,
    "solve_time_seconds": 11.154874801635742,
    "cross_vehicle_pickups": 8,
    "improvement": 883.0,
    "improvement_pct": 10.299778373964772,
    "chromosome": [
      [
        0.0,
        0.0,
        0.9090909361839294,
        0.8787878751754761
      ],
      [
        0.0,
        0.0,
        0.6060606241226196,
        0.6363636255264282
      ],
      [
        0.0,
        0.0,
        0.7272727489471436,
        0.7575757503509521
      ],
      [
        1.0,
        0.0,
        0.4285714328289032,
        0.39393940567970276
      ],
      [
        2.0,
        0.0,
        0.8333333134651184,
        0.0
      ],
      [
        2.0,
        2.0,
        0.5,
        0.6666666865348816
      ],
      [
        2.0,
        1.0,
        0.1666666716337204,
        0.5714285969734192
      ],
      [
        0.0,
        0.0,
        0.09090909361839294,
        0.12121212482452393
      ],
      [
        1.0,
        0.0,
        0.2857142984867096,
        0.27272728085517883
      ],
      [
        0.0,
        0.0,
        0.6666666865348816,
        0.6969696879386902
      ],
      [
        2.0,
        0.0,
        0.0,
        0.7878788113594055
      ],
      [
        0.0,
        0.0,
        0.1515151560306549,
        0.1818181872367859
      ],
      [
        0.0,
        0.0,
        0.21212121844291687,
        0.24242424964904785
      ],
      [
        0.0,
        0.0,
        0.42424243688583374,
        0.4545454680919647
      ],
      [
        1.0,
        1.0,
        0.7142857313156128,
        0.8571428656578064
      ],
      [
        1.0,
        0.0,
        0.1428571492433548,
        0.3030303120613098
      ],
      [
        0.0,
        0.0,
        0.5454545617103577,
        0.5757575631141663
      ],
      [
        0.0,
        0.0,
        0.4848484992980957,
        0.5151515007019043
      ],
      [
        0.0,
        0.0,
        0.939393937587738,
        0.9696969985961914
      ],
      [
        2.0,
        0.0,
        0.3333333432674408,
        0.3636363744735718
      ],
      [
        1.0,
        0.0,
        0.0,
        0.3333333432674408
      ],
      [
        0.0,
        0.0,
        0.03030303120613098,
        0.06060606241226196
      ],
      [
        0.0,
        0.0,
        0.8181818127632141,
        0.8484848737716675
      ]
    ],
    "routes": [
      {
        "agent": 0,
        "stops": [
          {
            "node": 22,
            "operation": "dropoff"
          },
          {
            "node": 22,
            "operation": "pickup"
          },
          {
            "node": 8,
            "operation": "dropoff"
          },
          {
            "node": 8,
            "operation": "pickup"
          },
          {
            "node": 12,
            "operation": "dropoff"
          },
          {
            "node": 5,
            "operation": "pickup"
          },
          {
            "node": 13,
            "operation": "dropoff"
          },
          {
            "node": 12,
            "operation": "pickup"
          },
          {
            "node": 14,
            "operation": "dropoff"
          },
          {
            "node": 13,
            "operation": "pickup"
          },
          {
            "node": 18,
            "operation": "dropoff"
          },
          {
            "node": 9,
            "operation": "pickup"
          },
          {
            "node": 17,
            "operation": "dropoff"
          },
          {
            "node": 16,
            "operation": "pickup"
          },
          {
            "node": 2,
            "operation": "dropoff"
          },
          {
            "node": 21,
            "operation": "pickup"
          },
          {
            "node": 10,
            "operation": "dropoff"
          },
          {
            "node": 20,
            "operation": "pickup"
          },
          {
            "node": 3,
            "operation": "dropoff"
          },
          {
            "node": 4,
            "operation": "pickup"
          },
          {
            "node": 23,
            "operation": "dropoff"
          },
          {
            "node": 14,
            "operation": "pickup"
          },
          {
            "node": 1,
            "operation": "dropoff"
          },
          {
            "node": 18,
            "operation": "pickup"
          },
          {
            "node": 19,
            "operation": "dropoff"
          },
          {
            "node": 17,
            "operation": "pickup"
          }
        ],
        "completion_time": 7690.0
      },
      {
        "agent": 1,
        "stops": [
          {
            "node": 21,
            "operation": "dropoff"
          },
          {
            "node": 16,
            "operation": "dropoff"
          },
          {
            "node": 9,
            "operation": "dropoff"
          },
          {
            "node": 4,
            "operation": "dropoff"
          },
          {
            "node": 7,
            "operation": "pickup"
          },
          {
            "node": 15,
            "operation": "dropoff"
          },
          {
            "node": 15,
            "operation": "pickup"
          },
          {
            "node": 11,
            "operation": "pickup"
          },
          {
            "node": 2,
            "operation": "pickup"
          },
          {
            "node": 3,
            "operation": "pickup"
          }
        ],
        "completion_time": 7497.0
      },
      {
        "agent": 2,
        "stops": [
          {
            "node": 11,
            "operation": "dropoff"
          },
          {
            "node": 7,
            "operation": "dropoff"
          },
          {
            "node": 20,
            "operation": "dropoff"
          },
          {
            "node": 6,
            "operation": "dropoff"
          },
          {
            "node": 6,
            "operation": "pickup"
          },
          {
            "node": 5,
            "operation": "dropoff"
          },
          {
            "node": 10,
            "operation": "pickup"
          },
          {
            "node": 23,
            "operation": "pickup"
          },
          {
            "node": 1,
            "operation": "pickup"
          },
          {
            "node": 19,
            "operation": "pickup"
          }
        ],
        "completion_time": 7544.0
      }
    ],
    "jobs": {
      "11": {
        "dropoff_time": 70.0,
        "processing_start": 70.0,
        "processing_end": 5350.0,
        "pickup_time": 5350.0,
        "wait_time": 3868.0,
        "assigned_agent": 2
      },
      "7": {
        "dropoff_time": 138.0,
        "processing_start": 138.0,
        "processing_end": 852.0,
        "pickup_time": 852.0,
        "wait_time": 452.0,
        "assigned_agent": 2
      },
      "20": {
        "dropoff_time": 168.0,
        "processing_start": 168.0,
        "processing_end": 4183.0,
        "pickup_time": 5216.0,
        "wait_time": 0.0,
        "assigned_agent": 2
      },
      "22": {
        "dropoff_time": 192.0,
        "processing_start": 192.0,
        "processing_end": 831.0,
        "pickup_time": 831.0,
        "wait_time": 639.0,
        "assigned_agent": 0
      },
      "6": {
        "dropoff_time": 215.0,