{
  "problem": {
    "num_customers": 16,
    "num_agents": 3,
    "resources_per_agent": 5,
    "depot": 0,
    "tsp_file": "datasets/gr17/gr17.tsp",
    "jobs_file": "datasets/gr17/1R20/job_times_1.csv"
  },
  "alns_config": {
    "max_iterations": 20000,
    "max_time_seconds": 300,
    "parallel_workers": 4,
    "allow_cross_vehicle": true
  },
  "warm_start": {
    "used": true,
    "file": "results/heuristics_only/gr17/1R20/job_times_1_heuristics.json",
    "heuristic": "Max Regret",
    "initial_makespan": 19554.0
  },
  "solution": {
    "makespan": 13351.0,
    "solve_time_seconds": 3.9365768432617188,
    "cross_vehicle_pickups": 3,
    "improvement": 6203.0,
    "improvement_pct": 31.72240973713818,
    "chromosome": [
      [
        0.0,
        0.0,
        0.2631579041481018,
        0.31578946113586426
      ],
      [
        1.0,
        0.0,
        0.4285714328289032,
        0.5789473652839661
      ],
      [
        0.0,
        0.0,
        0.0,
        0.05263157933950424
      ],
      [
        0.0,
        0.0,
        0.15789473056793213,
        0.21052631735801697
      ],
      [
        0.0,
        0.0,
        0.7368420958518982,
        0.7894737124443054
      ],
      [
        1.0,
        0.0,
        0.0,
        0.9473684430122375
      ],
      [
        0.0,
        0.0,
        0.8421052694320679,
        0.8947368264198303
      ],
      [
        0.0,
        1.0,
        0.10526315867900848,
        0.8571428656578064
      ],
      [
        0.0,
        0.0,
        0.3684210479259491,
        0.42105263471603394
      ],
      [
        0.0,
        0.0,
        0.4736842215061188,
        0.5263158082962036
      ],
      [
        2.0,
        2.0,
        0.3333333432674408,
        0.5
      ],
      [
        2.0,
        2.0,
        0.6666666865348816,
        0.8333333134651184
      ],
      [
        1.0,
        1.0,
        0.5714285969734192,
        0.7142857313156128
      ],
      [
        0.0,
        0.0,
        0.6315789222717285,
        0.6842105388641357
      ],
      [
        2.0,
        2.0,
        0.0,
        0.1666666716337204
      ],
      [
        1.0,
        1.0,
        0.1428571492433548,
        0.2857142984867096
      ]
    ],
    "routes": [
      {
        "agent": 0,
        "stops": [
          {
            "node": 3,
            "operation": "dropoff"
          },
          {
            "node": 3,
            "operation": "pickup"
          },
          {
            "node": 8,
            "operation": "dropoff"
          },
          {
            "node": 4,
            "operation": "dropoff"
          },
          {
            "node": 4,
            "operation": "pickup"
          },
          {
            "node": 1,
            "operation": "dropoff"
          },
          {
            "node": 1,
            "operation": "pickup"
          },
          {
            "node": 9,
            "operation": "dropoff"
          },
          {
            "node": 9,
            "operation": "pickup"
          },
          {
            "node": 10,
            "operation": "dropoff"
          },
          {
            "node": 10,
            "operation": "pickup"
          },
          {
            "node": 2,
            "operation": "pickup"
          },
          {
            "node": 14,
            "operation": "dropoff"
          },
          {
            "node": 14,
            "operation": "pickup"
          },
          {
            "node": 5,
            "operation": "dropoff"
          },
          {
            "node": 5,
            "operation": "pickup"
          },
          {
            "node": 7,
            "operation": "dropoff"
          },
          {
            "node": 7,
            "operation": "pickup"
          }
        ],
        "completion_time": 12969.0
      },
      {
        "agent": 1,
        "stops": [
          {
            "node": 6,
            "operation": "dropoff"
          },
          {
            "node": 16,
            "operation": "dropoff"
          },
          {
            "node": 16,
            "operation": "pickup"
          },
          {
            "node": 2,
            "operation": "dropoff"
          },
          {
            "node": 13,
            "operation": "dropoff"
          },
          {
            "node": 13,
            "operation": "pickup"
          },
          {
            "node": 8,
            "operation": "pickup"
          },
          {
            "node": 6,
            "operation": "pickup"
          }
        ],
        "completion_time": 13351.0
      },
      {
        "agent": 2,
        "stops": [
          {
            "node": 15,
            "operation": "dropoff"
          },
          {
            "node": 15,
            "operation": "pickup"
          },
          {
            "node": 11,
            "operation": "dropoff"
          },
          {
            "node": 11,
            "operation": "pickup"
          },
          {
            "node": 12,
            "operation": "dropoff"
          },
          {
            "node": 12,
            "operation": "pickup"
          }
        ],
        "completion_time": 12864.0
      }
    ],
    "jobs": {
      "6": {
        "dropoff_time": 80.0,
        "processing_start": 80.0,
        "processing_end": 10985.0,
        "pickup_time": 13271.0,
        "wait_time": 0.0,
        "assigned_agent": 1
      },
      "3": {
        "dropoff_time": 91.0,
        "processing_start": 91.0,
        "processing_end": 685.0,
        "pickup_time": 685.0,
        "wait_time": 594.0,
        "assigned_agent": 0
      },
      "16": {
        "dropoff_time": 109.0,
        "processing_start": 109.0,
        "processing_end": 1747.0,
        "pickup_time": 1747.0,
        "wait_time": 1638.0,
        "assigned_agent": 1
      },
      "15": {
        "dropoff_time": 246.0,
        "processing_start": 246.0,
        "processing_end": 5832.0,
        "pickup_time": 5832.0,
        "wait_time": 5586.0,
        "assigned_agent": 2
      },
      "8": {
        "dropoff_time": 860.0,
        "processing_start": 860.0,
        "processing_end": 13039.0,
        "pickup_time": 13039.0,
        "wait_time": 5415.0,
        "assigned_agent": 0
      },
      "4": {
        "dropoff_time": 1198.0,
        "processing_start": 1198.0,
        "processing_end": 1597.0,
        "pickup_time": 1597.0,
        "wait_time": 399.0,
        "assigned_agent": 0
      },
      "1": {
        "dropoff_time": 1824.0,
        "processing_start": 1824.0,
        "processing_end": 3759.0,
        "pickup_time": 3759.0,
        "wait_time": 1935.0,
        "assigned_agent": 0
      },
      "2": {
        "dropoff_time": 1889.0,
        "processing_start": 1889.0,
        "processing_end": 10205.0,
        "pickup_time": 10426.0,
        "wait_time": 0.0,
        "assigned_agent": 1
      },
      "13": {
        "dropoff_time": 1963.0,
        "processing_start": 1963.0,
        "processing_end": 7298.0,
        "pickup_time": 7298.0,
        "wait_time": 5335.0,
        "assigned_agent": 1
      },
      "9": {
        "dropoff_time": 4048.0,
        "processing_start": 4048.0,
        "processing_end": 5232.0,
        "pickup_time": 5232.0,
        "wait_time": 1184.0,
        "assigned_agent": 0
      },
      "10": {
        "dropoff_time": 5386.0,
        "processing_start": 5386.0,
        "processing_end": 10316.0,
        "pickup_time": 10316.0,
        "wait_time": 4930.0,
        "assigned_agent": 0
      },
      "11": {
        "dropoff_time": 5989.0,
        "processing_start": 5989.0,
        "processing_end": 6471.0,
        "pickup_time": 6471.0,
        "wait_time": 482.0,
        "assigned_agent": 2
      },
      "12": {
        "dropoff_time": 6725.0,
        "processing_start": 6725.0,
        "processing_end": 12794.0,
        "pickup_time": 12794.0,
        "wait_time": 6069.0,
        "assigned_agent": 2
      },