{
  "problem": {
    "num_customers": 28,
    "num_agents": 6,
    "resources_per_agent": 4,
    "depot": 0,
    "tsp_file": "datasets/bays29/bays29.tsp",
    "jobs_file": "datasets/bays29/1R10/job_times_2.csv"
  },
  "alns_config": {
    "max_iterations": 20000,
    "max_time_seconds": 300,
    "parallel_workers": 4,
    "allow_cross_vehicle": true
  },
  "warm_start": {
    "used": true,
    "file": "results/heuristics_only/bays29/1R10/job_times_2_heuristics.json",
    "heuristic": "Max Regret",
    "initial_makespan": 6293.0
  },
  "solution": {
    "makespan": 5066.0,
    "solve_time_seconds": 9.669536828994751,
    "cross_vehicle_pickups": 17,
    "improvement": 1227.0,
    "improvement_pct": 19.497854759256317,
    "chromosome": [
      [
        0.0,
        0.0,
        0.9259259104728699,
        0.9629629850387573
      ],
      [
        1.0,
        0.0,
        0.4285714328289032,
        0.8888888955116272
      ],
      [
        3.0,
        0.0,
        0.25,
        0.6666666865348816
      ],
      [
        2.0,
        2.0,
        0.3333333432674408,
        0.5
      ],
      [
        2.0,
        0.0,
        0.8333333134651184,
        0.8148148059844971
      ],
      [
        4.0,
        4.0,
        0.25,
        0.375
      ],
      [
        3.0,
        0.0,
        0.0,
        0.8518518805503845
      ],
      [
        2.0,
        0.0,
        0.6666666865348816,
        0.7777777910232544
      ],
      [
        1.0,
        1.0,
        0.1428571492433548,
        0.2857142984867096
      ],
      [
        0.0,
        0.0,
        0.5185185074806213,
        0.5555555820465088
      ],
      [
        5.0,
        0.0,
        0.5,
        0.7407407164573669
      ],
      [
        4.0,
        0.0,
        0.0,
        0.7037037014961243
      ],
      [
        1.0,
        0.0,
        0.0,
        0.6296296119689941
      ],
      [
        3.0,
        0.0,
        0.5,
        0.5925925970077515
      ],
      [
        0.0,
        0.0,
        0.18518517911434174,
        0.2222222238779068
      ],
      [
        2.0,
        0.0,
        0.1666666716337204,
        0.40740740299224854
      ],
      [
        2.0,
        0.0,
        0.0,
        0.37037035822868347
      ],
      [
        0.0,
        0.0,
        0.07407407462596893,
        0.1111111119389534
      ],
      [
        3.0,
        0.0,
        0.75,
        0.3333333432674408
      ],
      [
        5.0,
        0.0,
        0.0,
        0.29629629850387573
      ],
      [
        0.0,
        0.0,
        0.4444444477558136,
        0.48148149251937866
      ],
      [
        4.0,
        4.0,
        0.5,
        0.625
      ],
      [
        1.0,
        0.0,
        0.8571428656578064,
        0.25925925374031067
      ],
      [
        4.0,
        0.0,
        0.125,
        0.14814814925193787
      ],
      [
        5.0,
        0.0,
        0.25,
        0.03703703731298447
      ],
      [
        4.0,
        4.0,
        0.75,
        0.875
      ],
      [
        5.0,
        0.0,
        0.75,
        0.0
      ],
      [
        1.0,
        1.0,
        0.5714285969734192,
        0.7142857313156128
      ]
    ],
    "routes": [
      {
        "agent": 0,
        "stops": [
          {
            "node": 18,
            "operation": "dropoff"
          },
          {
            "node": 27,
            "operation": "pickup"
          },
          {
            "node": 15,
            "operation": "dropoff"
          },
          {
            "node": 25,
            "operation": "pickup"
          },
          {
            "node": 21,
            "operation": "dropoff"
          },
          {
            "node": 18,
            "operation": "pickup"
          },
          {
            "node": 10,
            "operation": "dropoff"
          },
          {
            "node": 24,
            "operation": "pickup"
          },
          {
            "node": 1,
            "operation": "dropoff"
          },
          {
            "node": 15,
            "operation": "pickup"
          }
        ],
        "completion_time": 3848.0
      },
      {
        "agent": 1,
        "stops": [
          {
            "node": 13,
            "operation": "dropoff"
          },
          {
            "node": 9,
            "operation": "dropoff"
          },
          {
            "node": 9,
            "operation": "pickup"
          },
          {
            "node": 2,
            "operation": "dropoff"
          },
          {
            "node": 28,
            "operation": "dropoff"
          },
          {
            "node": 28,
            "operation": "pickup"
          },
          {
            "node": 23,
            "operation": "dropoff"
          },
          {
            "node": 12,
            "operation": "pickup"
          },
          {
            "node": 14,
            "operation": "pickup"
          },
          {
            "node": 23,
            "operation": "pickup"
          }
        ],
        "completion_time": 4864.0
      },
      {
        "agent": 2,
        "stops": [
          {
            "node": 17,
            "operation": "dropoff"
          },
          {
            "node": 16,
            "operation": "dropoff"
          },
          {
            "node": 4,
            "operation": "dropoff"
          },
          {
            "node": 4,
            "operation": "pickup"
          },
          {
            "node": 8,
            "operation": "dropoff"
          },
          {
            "node": 5,
            "operation": "dropoff"
          },
          {
            "node": 11,
            "operation": "pickup"
          },
          {
            "node": 8,
            "operation": "pickup"
          },
          {
            "node": 21,
            "operation": "pickup"
          },
          {
            "node": 1,
            "operation": "pickup"
          }
        ],
        "completion_time": 5066.0
      },
      {
        "agent": 3,
        "stops": [
          {
            "node": 7,
            "operation": "dropoff"
          },
          {
            "node": 3,
            "operation": "dropoff"
          },
          {
            "node": 14,
            "operation": "dropoff"
          },
          {
            "node": 19,
            "operation": "dropoff"
          },
          {
            "node": 20,
            "operation": "pickup"
          },
          {
            "node": 13,
            "operation": "pickup"
          },
          {
            "node": 16,
            "operation": "pickup"
          },
          {
            "node": 2,
            "operation": "pickup"
          }
        ],
        "completion_time": 3811.0
      },
      {
        "agent": 4,
        "stops": [
          {
            "node": 12,
            "operation": "dropoff"
          },
          {
            "node": 24,
            "operation": "dropoff"
          },
          {
            "node": 6,
            "operation": "dropoff"
          },
          {
            "node": 6,
            "operation": "pickup"
          },
          {
            "node": 22,
            "operation": "dropoff"
          },
          {
            "node": 22,
            "operation": "pickup"
          },
          {
            "node": 26,
            "operation": "dropoff"
          },
          {
            "node": 26,
            "operation": "pickup"
          },
          {
            "node": 5,
            "operation": "pickup"
          },
          {
            "node": 10,
            "operation": "pickup"
          }
        ],
        "completion_time": 4650.0
      },
      {
        "agent": 5,
        "stops": [
          {
            "node": 20,
            "operation": "dropoff"
          },
          {
            "node": 25,
            "operation": "dropoff"
          },
          {
            "node": 11,