{
  "problem": {
    "num_customers": 23,
    "num_agents": 3,
    "resources_per_agent": 5,
    "depot": 0,
    "tsp_file": "datasets/gr24/gr24.tsp",
    "jobs_file": "datasets/gr24/1R10/job_times_1.csv"
  },
  "alns_config": {
    "max_iterations": 20000,
    "max_time_seconds": 300,
    "parallel_workers": 4,
    "allow_cross_vehicle": true
  },
  "warm_start": {
    "used": true,
    "file": "results/heuristics_only/gr24/1R10/job_times_1_heuristics.json",
    "heuristic": "Greedy Defer 5.0x",
    "initial_makespan": 4429.0
  },
  "solution": {
    "makespan": 4250.0,
    "solve_time_seconds": 5.885293960571289,
    "cross_vehicle_pickups": 10,
    "improvement": 179.0,
    "improvement_pct": 4.041544366674192,
    "chromosome": [
      [
        0.0,
        0.0,
        0.5,
        0.5714285969734192
      ],
      [
        1.0,
        1.0,
        0.6000000238418579,
        0.6499999761581421
      ],
      [
        1.0,
        0.0,
        0.05000000074505806,
        0.8571428656578064
      ],
      [
        0.0,
        2.0,
        0.2857142984867096,
        0.8333333134651184
      ],
      [
        2.0,
        1.0,
        0.0,
        0.8999999761581421
      ],
      [
        2.0,
        1.0,
        0.0833333358168602,
        0.800000011920929
      ],
      [
        0.0,
        0.0,
        0.0714285746216774,
        0.1428571492433548
      ],
      [
        1.0,
        2.0,
        0.15000000596046448,
        0.9166666865348816
      ],
      [
        0.0,
        0.0,
        0.3571428656578064,
        0.4285714328289032
      ],
      [
        1.0,
        1.0,
        0.699999988079071,
        0.75
      ],
      [
        1.0,
        0.0,
        0.0,
        0.7857142686843872
      ],
      [
        1.0,
        1.0,
        0.20000000298023224,
        0.25
      ],
      [
        1.0,
        1.0,
        0.30000001192092896,
        0.3499999940395355
      ],
      [
        1.0,
        1.0,
        0.4000000059604645,
        0.44999998807907104
      ],
      [
        0.0,
        1.0,
        0.0,
        0.949999988079071
      ],
      [
        2.0,
        2.0,
        0.25,
        0.3333333432674408
      ],
      [
        2.0,
        2.0,
        0.4166666567325592,
        0.5
      ],
      [
        2.0,
        2.0,
        0.5833333134651184,
        0.6666666865348816
      ],
      [
        0.0,
        0.0,
        0.6428571343421936,
        0.7142857313156128
      ],
      [
        0.0,
        2.0,
        0.2142857164144516,
        0.75
      ],
      [
        1.0,
        1.0,
        0.5,
        0.550000011920929
      ],
      [
        1.0,
        0.0,
        0.10000000149011612,
        0.9285714030265808
      ],
      [
        2.0,
        1.0,
        0.1666666716337204,
        0.8500000238418579
      ]
    ],
    "routes": [
      {
        "agent": 0,
        "stops": [
          {
            "node": 15,
            "operation": "dropoff"
          },
          {
            "node": 7,
            "operation": "dropoff"
          },
          {
            "node": 7,
            "operation": "pickup"
          },
          {
            "node": 20,
            "operation": "dropoff"
          },
          {
            "node": 4,
            "operation": "dropoff"
          },
          {
            "node": 9,
            "operation": "dropoff"
          },
          {
            "node": 9,
            "operation": "pickup"
          },
          {
            "node": 1,
            "operation": "dropoff"
          },
          {
            "node": 1,
            "operation": "pickup"
          },
          {
            "node": 19,
            "operation": "dropoff"
          },
          {
            "node": 19,
            "operation": "pickup"
          },
          {
            "node": 11,
            "operation": "pickup"
          },
          {
            "node": 3,
            "operation": "pickup"
          },
          {
            "node": 22,
            "operation": "pickup"
          }
        ],
        "completion_time": 4108.0
      },
      {
        "agent": 1,
        "stops": [
          {
            "node": 11,
            "operation": "dropoff"
          },
          {
            "node": 3,
            "operation": "dropoff"
          },
          {
            "node": 22,
            "operation": "dropoff"
          },
          {
            "node": 8,
            "operation": "dropoff"
          },
          {
            "node": 12,
            "operation": "dropoff"
          },
          {
            "node": 12,
            "operation": "pickup"
          },
          {
            "node": 13,
            "operation": "dropoff"
          },
          {
            "node": 13,
            "operation": "pickup"
          },
          {
            "node": 14,
            "operation": "dropoff"
          },
          {
            "node": 14,
            "operation": "pickup"
          },
          {
            "node": 21,
            "operation": "dropoff"
          },
          {
            "node": 21,
            "operation": "pickup"
          },
          {
            "node": 2,
            "operation": "dropoff"
          },
          {
            "node": 2,
            "operation": "pickup"
          },
          {
            "node": 10,
            "operation": "dropoff"
          },
          {
            "node": 10,
            "operation": "pickup"
          },
          {
            "node": 6,
            "operation": "pickup"
          },
          {
            "node": 23,
            "operation": "pickup"
          },
          {
            "node": 5,
            "operation": "pickup"
          },
          {
            "node": 15,
            "operation": "pickup"
          }
        ],
        "completion_time": 4250.0
      },
      {
        "agent": 2,
        "stops": [
          {
            "node": 5,
            "operation": "dropoff"
          },
          {
            "node": 6,
            "operation": "dropoff"
          },
          {
            "node": 23,
            "operation": "dropoff"
          },
          {
            "node": 16,
            "operation": "dropoff"
          },
          {
            "node": 16,
            "operation": "pickup"
          },
          {
            "node": 17,
            "operation": "dropoff"
          },
          {
            "node": 17,
            "operation": "pickup"
          },
          {
            "node": 18,
            "operation": "dropoff"
          },
          {
            "node": 18,
            "operation": "pickup"
          },
          {
            "node": 20,
            "operation": "pickup"
          },
          {
            "node": 4,
            "operation": "pickup"
          },
          {
            "node": 8,
            "operation": "pickup"
          }
        ],
        "completion_time": 4107.0
      }
    ],
    "jobs": {
      "15": {
        "dropoff_time": 54.0,
        "processing_start": 54.0,
        "processing_end": 573.0,
        "pickup_time": 4196.0,
        "wait_time": 0.0,
        "assigned_agent": 0
      },
      "11": {
        "dropoff_time": 70.0,
        "processing_start": 70.0,
        "processing_end": 1478.0,
        "pickup_time": 3781.0,
        "wait_time": 0.0,
        "assigned_agent": 1
      },
      "5": {
        "dropoff_time": 80.0,
        "processing_start": 80.0,
        "processing_end": 173.0,
        "pickup_time": 4165.0,
        "wait_time": 0.0,
        "assigned_agent": 2
      },
      "3": {
        "dropoff_time": 97.0,
        "processing_start": 97.0,
        "processing_end": 681.0,
        "pickup_time": 3808.0,
        "wait_time": 0.0,
        "assigned_agent": 1
      },
      "6": {
        "dropoff_time": 105.0,
        "processing_start": 105.0,
        "processing_end": 945.0,
        "pickup_time": 4094.0,