{
  "problem": {
    "num_customers": 16,
    "num_agents": 3,
    "resources_per_agent": 5,
    "depot": 0,
    "tsp_file": "datasets/gr17/gr17.tsp",
    "jobs_file": "datasets/gr17/base/job_times.csv"
  },
  "alns_config": {
    "max_iterations": 20000,
    "max_time_seconds": 300,
    "parallel_workers": 4,
    "allow_cross_vehicle": true
  },
  "warm_start": {
    "used": true,
    "file": "results/heuristics_only/gr17/base/gr17_heuristics.json",
    "heuristic": "Greedy Defer 5.0x",
    "initial_makespan": 2738.0
  },
  "solution": {
    "makespan": 1978.0,
    "solve_time_seconds": 6.800804376602173,
    "cross_vehicle_pickups": 6,
    "improvement": 760.0,
    "improvement_pct": 27.757487216946675,
    "chromosome": [
      [
        1.0,
        1.0,
        0.4615384638309479,
        0.5384615659713745
      ],
      [
        0.0,
        1.0,
        0.3333333432674408,
        0.8461538553237915
      ],
      [
        0.0,
        0.0,
        0.4444444477558136,
        0.5555555820465088
      ],
      [
        1.0,
        1.0,
        0.6153846383094788,
        0.692307710647583
      ],
      [
        1.0,
        0.0,
        0.07692307978868484,
        0.2222222238779068
      ],
      [
        1.0,
        2.0,
        0.0,
        0.8999999761581421
      ],
      [
        0.0,
        0.0,
        0.1111111119389534,
        0.7777777910232544
      ],
      [
        2.0,
        2.0,
        0.20000000298023224,
        0.699999988079071
      ],
      [
        1.0,
        1.0,
        0.3076923191547394,
        0.38461539149284363
      ],
      [
        1.0,
        1.0,
        0.23076923191547394,
        0.7692307829856873
      ],
      [
        2.0,
        2.0,
        0.5,
        0.6000000238418579
      ],
      [
        0.0,
        2.0,
        0.0,
        0.800000011920929
      ],
      [
        2.0,
        0.0,
        0.10000000149011612,
        0.8888888955116272
      ],
      [
        1.0,
        1.0,
        0.1538461595773697,
        0.9230769276618958
      ],
      [
        2.0,
        2.0,
        0.30000001192092896,
        0.4000000059604645
      ],
      [
        2.0,
        0.0,
        0.0,
        0.6666666865348816
      ]
    ],
    "routes": [
      {
        "agent": 0,
        "stops": [
          {
            "node": 12,
            "operation": "dropoff"
          },
          {
            "node": 7,
            "operation": "dropoff"
          },
          {
            "node": 5,
            "operation": "pickup"
          },
          {
            "node": 2,
            "operation": "dropoff"
          },
          {
            "node": 3,
            "operation": "dropoff"
          },
          {
            "node": 3,
            "operation": "pickup"
          },
          {
            "node": 16,
            "operation": "pickup"
          },
          {
            "node": 7,
            "operation": "pickup"
          }
        ],
        "completion_time": 1132.0
      },
      {
        "agent": 1,
        "stops": [
          {
            "node": 6,
            "operation": "dropoff"
          },
          {
            "node": 5,
            "operation": "dropoff"
          },
          {
            "node": 14,
            "operation": "dropoff"
          },
          {
            "node": 10,
            "operation": "dropoff"
          },
          {
            "node": 9,
            "operation": "dropoff"
          },
          {
            "node": 9,
            "operation": "pickup"
          },
          {
            "node": 1,
            "operation": "dropoff"
          },
          {
            "node": 1,
            "operation": "pickup"
          },
          {
            "node": 4,
            "operation": "dropoff"
          },
          {
            "node": 4,
            "operation": "pickup"
          },
          {
            "node": 10,
            "operation": "pickup"
          },
          {
            "node": 2,
            "operation": "pickup"
          },
          {
            "node": 14,
            "operation": "pickup"
          },
          {
            "node": 13,
            "operation": "pickup"
          }
        ],
        "completion_time": 1978.0
      },
      {
        "agent": 2,
        "stops": [
          {
            "node": 16,
            "operation": "dropoff"
          },
          {
            "node": 13,
            "operation": "dropoff"
          },
          {
            "node": 8,
            "operation": "dropoff"
          },
          {
            "node": 15,
            "operation": "dropoff"
          },
          {
            "node": 15,
            "operation": "pickup"
          },
          {
            "node": 11,
            "operation": "dropoff"
          },
          {
            "node": 11,
            "operation": "pickup"
          },
          {
            "node": 8,
            "operation": "pickup"
          },
          {
            "node": 12,
            "operation": "pickup"
          },
          {
            "node": 6,
            "operation": "pickup"
          }
        ],
        "completion_time": 1953.0
      }
    ],
    "jobs": {
      "12": {
        "dropoff_time": 70.0,
        "processing_start": 70.0,
        "processing_end": 427.0,
        "pickup_time": 1826.0,
        "wait_time": 0.0,
        "assigned_agent": 0
      },
      "6": {
        "dropoff_time": 80.0,
        "processing_start": 80.0,
        "processing_end": 807.0,
        "pickup_time": 1873.0,
        "wait_time": 0.0,
        "assigned_agent": 1
      },
      "16": {
        "dropoff_time": 121.0,
        "processing_start": 121.0,
        "processing_end": 247.0,
        "pickup_time": 962.0,
        "wait_time": 0.0,
        "assigned_agent": 2
      },
      "7": {
        "dropoff_time": 138.0,
        "processing_start": 138.0,
        "processing_end": 185.0,
        "pickup_time": 998.0,
        "wait_time": 0.0,
        "assigned_agent": 0
      },
      "5": {
        "dropoff_time": 143.0,
        "processing_start": 143.0,
        "processing_end": 241.0,
        "pickup_time": 241.0,
        "wait_time": 69.0,
        "assigned_agent": 1
      },
      "13": {
        "dropoff_time": 217.0,
        "processing_start": 217.0,
        "processing_end": 702.0,
        "pickup_time": 1767.0,
        "wait_time": 0.0,
        "assigned_agent": 2
      },
      "14": {
        "dropoff_time": 266.0,
        "processing_start": 266.0,
        "processing_end": 380.0,
        "pickup_time": 1710.0,
        "wait_time": 0.0,
        "assigned_agent": 1
      },
      "2": {
        "dropoff_time": 353.0,
        "processing_start": 353.0,
        "processing_end": 815.0,
        "pickup_time": 1657.0,
        "wait_time": 0.0,
        "assigned_agent": 0
      },
      "10": {
        "dropoff_time": 406.0,
        "processing_start": 406.0,
        "processing_end": 899.0,
        "pickup_time": 1547.0,
        "wait_time": 0.0,
        "assigned_agent": 1
      },
      "8": {
        "dropoff_time": 543.0,
        "processing_start": 543.0,
        "processing_end": 1184.0,
        "pickup_time": 1637.0,
        "wait_time": 0.0,
        "assigned_agent": 2
      },
      "9": {
        "dropoff_time": 560.0,
        "processing_start": 560.0,
        "processing_end": 708.0,
        "pickup_time": 708.0,
        "wait_time": 148.0,
        "assigned_agent": 1
      },
      "3": {
        "dropoff_time": 581.0,
        "processing_start": 581.0,
        "processing_end": 878.0,
        "pickup_time": 878.0,
        "wait_time": 297.0,
        "assigned_agent": 0
      },
      "15": {
        "dropoff_time": 745.0,
        "processing_start": 745.0,
        "processing_end": 1144.0,
        "pickup_time": 1144.0,
        "wait_time": 399.0,
        "assigned_agent": 2
      },
      "1": {
        "dropoff_time": 997.0,