{
  "problem": {
    "num_customers": 16,
    "num_agents": 3,
    "resources_per_agent": 5,
    "depot": 0,
    "tsp_file": "datasets/gr17/gr17.tsp",
    "jobs_file": "datasets/gr17/1R10/job_times_1.csv"
  },
  "alns_config": {
    "max_iterations": 20000,
    "max_time_seconds": 300,
    "parallel_workers": 4,
    "allow_cross_vehicle": true
  },
  "warm_start": {
    "used": true,
    "file": "results/heuristics_only/gr17/1R10/job_times_1_heuristics.json",
    "heuristic": "Greedy Defer 5.0x",
    "initial_makespan": 5537.0
  },
  "solution": {
    "makespan": 5347.0,
    "solve_time_seconds": 3.9960274696350098,
    "cross_vehicle_pickups": 5,
    "improvement": 190.0,
    "improvement_pct": 3.431461080007224,
    "chromosome": [
      [
        0.0,
        0.0,
        0.5555555820465088,
        0.6111111044883728
      ],
      [
        0.0,
        2.0,
        0.2222222238779068,
        0.8333333134651184
      ],
      [
        2.0,
        1.0,
        0.0,
        0.875
      ],
      [
        0.0,
        0.0,
        0.4444444477558136,
        0.5
      ],
      [
        0.0,
        0.0,
        0.1111111119389534,
        0.1666666716337204
      ],
      [
        1.0,
        0.0,
        0.0,
        0.8333333134651184
      ],
      [
        0.0,
        0.0,
        0.0555555559694767,
        0.8888888955116272
      ],
      [
        1.0,
        1.0,
        0.125,
        0.25
      ],
      [
        0.0,
        0.0,
        0.6666666865348816,
        0.7222222089767456
      ],
      [
        0.0,
        0.0,
        0.3333333432674408,
        0.3888888955116272
      ],
      [
        1.0,
        1.0,
        0.375,
        0.5
      ],
      [
        0.0,
        0.0,
        0.0,
        0.9444444179534912
      ],
      [
        2.0,
        2.0,
        0.3333333432674408,
        0.5
      ],
      [
        0.0,
        2.0,
        0.2777777910232544,
        0.6666666865348816
      ],
      [
        1.0,
        1.0,
        0.625,
        0.75
      ],
      [
        0.0,
        2.0,
        0.7777777910232544,
        0.1666666716337204
      ]
    ],
    "routes": [
      {
        "agent": 0,
        "stops": [
          {
            "node": 12,
            "operation": "dropoff"
          },
          {
            "node": 7,
            "operation": "dropoff"
          },
          {
            "node": 5,
            "operation": "dropoff"
          },
          {
            "node": 5,
            "operation": "pickup"
          },
          {
            "node": 2,
            "operation": "dropoff"
          },
          {
            "node": 14,
            "operation": "dropoff"
          },
          {
            "node": 10,
            "operation": "dropoff"
          },
          {
            "node": 10,
            "operation": "pickup"
          },
          {
            "node": 4,
            "operation": "dropoff"
          },
          {
            "node": 4,
            "operation": "pickup"
          },
          {
            "node": 1,
            "operation": "dropoff"
          },
          {
            "node": 1,
            "operation": "pickup"
          },
          {
            "node": 9,
            "operation": "dropoff"
          },
          {
            "node": 9,
            "operation": "pickup"
          },
          {
            "node": 16,
            "operation": "dropoff"
          },
          {
            "node": 6,
            "operation": "pickup"
          },
          {
            "node": 7,
            "operation": "pickup"
          },
          {
            "node": 12,
            "operation": "pickup"
          },
          {
            "node": 2,
            "operation": "pickup"
          },
          {
            "node": 14,
            "operation": "pickup"
          }
        ],
        "completion_time": 5300.0
      },
      {
        "agent": 1,
        "stops": [
          {
            "node": 6,
            "operation": "dropoff"
          },
          {
            "node": 8,
            "operation": "dropoff"
          },
          {
            "node": 8,
            "operation": "pickup"
          },
          {
            "node": 11,
            "operation": "dropoff"
          },
          {
            "node": 11,
            "operation": "pickup"
          },
          {
            "node": 15,
            "operation": "dropoff"
          },
          {
            "node": 15,
            "operation": "pickup"
          },
          {
            "node": 3,
            "operation": "pickup"
          }
        ],
        "completion_time": 4976.0
      },
      {
        "agent": 2,
        "stops": [
          {
            "node": 3,
            "operation": "dropoff"
          },
          {
            "node": 13,
            "operation": "dropoff"
          },
          {
            "node": 16,
            "operation": "pickup"
          },
          {
            "node": 13,
            "operation": "pickup"
          }
        ],
        "completion_time": 5347.0
      }
    ],
    "jobs": {
      "12": {
        "dropoff_time": 70.0,
        "processing_start": 70.0,
        "processing_end": 1141.0,
        "pickup_time": 4788.0,
        "wait_time": 0.0,
        "assigned_agent": 0
      },
      "6": {
        "dropoff_time": 80.0,
        "processing_start": 80.0,
        "processing_end": 2988.0,
        "pickup_time": 4691.0,
        "wait_time": 0.0,
        "assigned_agent": 1
      },
      "3": {
        "dropoff_time": 91.0,
        "processing_start": 91.0,
        "processing_end": 685.0,
        "pickup_time": 4885.0,
        "wait_time": 0.0,
        "assigned_agent": 2
      },
      "7": {
        "dropoff_time": 138.0,
        "processing_start": 138.0,
        "processing_end": 232.0,
        "pickup_time": 4720.0,
        "wait_time": 0.0,
        "assigned_agent": 0
      },
      "5": {
        "dropoff_time": 172.0,
        "processing_start": 172.0,
        "processing_end": 270.0,
        "pickup_time": 270.0,
        "wait_time": 98.0,
        "assigned_agent": 0
      },
      "13": {
        "dropoff_time": 273.0,
        "processing_start": 273.0,
        "processing_end": 5123.0,
        "pickup_time": 5136.0,
        "wait_time": 0.0,
        "assigned_agent": 2
      },
      "8": {
        "dropoff_time": 312.0,
        "processing_start": 312.0,
        "processing_end": 2235.0,
        "pickup_time": 2235.0,
        "wait_time": 1923.0,
        "assigned_agent": 1
      },
      "2": {
        "dropoff_time": 382.0,
        "processing_start": 382.0,
        "processing_end": 844.0,
        "pickup_time": 4979.0,
        "wait_time": 0.0,
        "assigned_agent": 0
      },
      "14": {
        "dropoff_time": 435.0,
        "processing_start": 435.0,
        "processing_end": 663.0,
        "pickup_time": 5032.0,
        "wait_time": 0.0,
        "assigned_agent": 0
      },
      "10": {
        "dropoff_time": 575.0,
        "processing_start": 575.0,
        "processing_end": 1068.0,
        "pickup_time": 1068.0,
        "wait_time": 493.0,
        "assigned_agent": 0
      },
      "4": {
        "dropoff_time": 1129.0,
        "processing_start": 1129.0,
        "processing_end": 1927.0,
        "pickup_time": 1927.0,
        "wait_time": 798.0,
        "assigned_agent": 0
      },
      "1": {
        "dropoff_time": 2154.0,
        "processing_start": 2154.0,
        "processing_end": 2799.0,
        "pickup_time": 2799.0,
        "wait_time": 645.0,
        "assigned_agent": 0
      },
      "11": {
        "dropoff_time": 2330.0,
        "processing_start": 2330.0,
        "processing_end": 3294.0,
        "pickup_time": 3294.0,
        "wait_time": 964.0,
        "assigned_agent": 1
      },
      "9": {
        "dropoff_time": 3088.0,
        "processing_start": 3088.0,
        "processing_end": 4272.0,
        "pickup_time": 4272.0,