{
  "problem": {
    "num_customers": 28,
    "num_agents": 6,
    "resources_per_agent": 4,
    "depot": 0,
    "tsp_file": "datasets/bays29/bays29.tsp",
    "jobs_file": "datasets/bays29/1R10/job_times_1.csv"
  },
  "alns_config": {
    "max_iterations": 20000,
    "max_time_seconds": 300,
    "parallel_workers": 4,
    "allow_cross_vehicle": true
  },
  "warm_start": {
    "used": true,
    "file": "results/heuristics_only/bays29/1R10/job_times_1_heuristics.json",
    "heuristic": "Greedy Defer 5.0x",
    "initial_makespan": 5304.0
  },
  "solution": {
    "makespan": 4980.0,
    "solve_time_seconds": 15.59316611289978,
    "cross_vehicle_pickups": 10,
    "improvement": 324.0,
    "improvement_pct": 6.108597285067873,
    "chromosome": [
      [
        5.0,
        4.0,
        0.0,
        0.75
      ],
      [
        0.0,
        0.0,
        0.1875,
        0.25
      ],
      [
        5.0,
        0.0,
        0.625,
        0.8125
      ],
      [
        1.0,
        1.0,
        0.0,
        0.5
      ],
      [
        4.0,
        3.0,
        0.0,
        0.8333333134651184
      ],
      [
        2.0,
        2.0,
        0.25,
        0.3333333432674408
      ],
      [
        3.0,
        3.0,
        0.1666666716337204,
        0.3333333432674408
      ],
      [
        0.0,
        5.0,
        0.0,
        0.75
      ],
      [
        5.0,
        4.0,
        0.25,
        0.5833333134651184
      ],
      [
        2.0,
        2.0,
        0.4166666567325592,
        0.5
      ],
      [
        4.0,
        5.0,
        0.0833333358168602,
        0.875
      ],
      [
        4.0,
        0.0,
        0.1666666716337204,
        0.875
      ],
      [
        5.0,
        5.0,
        0.375,
        0.5
      ],
      [
        4.0,
        4.0,
        0.4166666567325592,
        0.5
      ],
      [
        2.0,
        2.0,
        0.0833333358168602,
        0.6666666865348816
      ],
      [
        0.0,
        0.0,
        0.5625,
        0.625
      ],
      [
        0.0,
        0.0,
        0.4375,
        0.5
      ],
      [
        4.0,
        4.0,
        0.25,
        0.3333333432674408
      ],
      [
        5.0,
        4.0,
        0.125,
        0.6666666865348816
      ],
      [
        4.0,
        4.0,
        0.8333333134651184,
        0.9166666865348816
      ],
      [
        0.0,
        0.0,
        0.6875,
        0.75
      ],
      [
        2.0,
        2.0,
        0.75,
        0.8333333134651184
      ],
      [
        2.0,
        0.0,
        0.0,
        0.9375
      ],
      [
        2.0,
        2.0,
        0.1666666716337204,
        0.5833333134651184
      ],
      [
        0.0,
        0.0,
        0.0625,
        0.125
      ],
      [
        3.0,
        2.0,
        0.0,
        0.9166666865348816
      ],
      [
        3.0,
        3.0,
        0.5,
        0.6666666865348816
      ],
      [
        0.0,
        0.0,
        0.3125,
        0.375
      ]
    ],
    "routes": [
      {
        "agent": 0,
        "stops": [
          {
            "node": 8,
            "operation": "dropoff"
          },
          {
            "node": 25,
            "operation": "dropoff"
          },
          {
            "node": 25,
            "operation": "pickup"
          },
          {
            "node": 2,
            "operation": "dropoff"
          },
          {
            "node": 2,
            "operation": "pickup"
          },
          {
            "node": 28,
            "operation": "dropoff"
          },
          {
            "node": 28,
            "operation": "pickup"
          },
          {
            "node": 17,
            "operation": "dropoff"
          },
          {
            "node": 17,
            "operation": "pickup"
          },
          {
            "node": 16,
            "operation": "dropoff"
          },
          {
            "node": 16,
            "operation": "pickup"
          },
          {
            "node": 21,
            "operation": "dropoff"
          },
          {
            "node": 21,
            "operation": "pickup"
          },
          {
            "node": 3,
            "operation": "pickup"
          }
        ],
        "completion_time": 4980.0
      },
      {
        "agent": 1,
        "stops": [
          {
            "node": 4,
            "operation": "dropoff"
          },
          {
            "node": 4,
            "operation": "pickup"
          }
        ],
        "completion_time": 2036.0
      },
      {
        "agent": 2,
        "stops": [
          {
            "node": 23,
            "operation": "dropoff"
          },
          {
            "node": 15,
            "operation": "dropoff"
          },
          {
            "node": 24,
            "operation": "dropoff"
          },
          {
            "node": 6,
            "operation": "dropoff"
          },
          {
            "node": 6,
            "operation": "pickup"
          },
          {
            "node": 10,
            "operation": "dropoff"
          },
          {
            "node": 10,
            "operation": "pickup"
          },
          {
            "node": 24,
            "operation": "pickup"
          },
          {
            "node": 15,
            "operation": "pickup"
          },
          {
            "node": 22,
            "operation": "dropoff"
          },
          {
            "node": 22,
            "operation": "pickup"
          },
          {
            "node": 26,
            "operation": "pickup"
          }
        ],
        "completion_time": 3594.0
      },
      {
        "agent": 3,
        "stops": [
          {
            "node": 26,
            "operation": "dropoff"
          },
          {
            "node": 7,
            "operation": "dropoff"
          },
          {
            "node": 7,
            "operation": "pickup"
          },
          {
            "node": 27,
            "operation": "dropoff"
          },
          {
            "node": 27,
            "operation": "pickup"
          },
          {
            "node": 5,
            "operation": "pickup"
          }
        ],
        "completion_time": 2043.0
      },
      {
        "agent": 4,
        "stops": [
          {
            "node": 5,
            "operation": "dropoff"
          },
          {
            "node": 11,
            "operation": "dropoff"
          },
          {
            "node": 12,
            "operation": "dropoff"
          },
          {
            "node": 18,
            "operation": "dropoff"
          },
          {
            "node": 18,
            "operation": "pickup"
          },
          {
            "node": 14,
            "operation": "dropoff"
          },
          {
            "node": 14,
            "operation": "pickup"
          },
          {
            "node": 9,
            "operation": "pickup"
          },
          {
            "node": 19,
            "operation": "pickup"
          },
          {
            "node": 1,
            "operation": "pickup"
          },
          {
            "node": 20,
            "operation": "dropoff"
          },
          {
            "node": 20,
            "operation": "pickup"
          }
        ],
        "completion_time": 4848.0
      },
      {
        "agent": 5,
        "stops": [
          {
            "node": 1,
            "operation": "dropoff"
          },
          {
            "node": 19,
            "operation": "dropoff"
          },
          {
            "node": 9,
            "operation": "dropoff"
          },
          {
            "node": 13,
            "operation": "dropoff"
          },
          {
            "node": 13,
            "operation": "pickup"
          },
          {
            "node": 3,
            "operation": "dropoff"
          },
          {
            "node": 8,