{
  "problem": {
    "num_customers": 16,
    "num_agents": 3,
    "resources_per_agent": 5,
    "depot": 0,
    "tsp_file": "datasets/gr17/gr17.tsp",
    "jobs_file": "datasets/gr17/2x/job_times.csv"
  },
  "alns_config": {
    "max_iterations": 20000,
    "max_time_seconds": 300,
    "parallel_workers": 4,
    "allow_cross_vehicle": true
  },
  "warm_start": {
    "used": true,
    "file": "results/heuristics_only/gr17/2x/gr17_heuristics.json",
    "heuristic": "Greedy Defer 5.0x",
    "initial_makespan": 3680.0
  },
  "solution": {
    "makespan": 3289.0,
    "solve_time_seconds": 3.4846057891845703,
    "cross_vehicle_pickups": 3,
    "improvement": 391.0,
    "improvement_pct": 10.625,
    "chromosome": [
      [
        2.0,
        2.0,
        0.5454545617103577,
        0.6363636255264282
      ],
      [
        2.0,
        2.0,
        0.1818181872367859,
        0.27272728085517883
      ],
      [
        2.0,
        1.0,
        0.0,
        0.800000011920929
      ],
      [
        2.0,
        2.0,
        0.7272727489471436,
        0.8181818127632141
      ],
      [
        1.0,
        1.0,
        0.20000000298023224,
        0.2666666805744171
      ],
      [
        1.0,
        1.0,
        0.0,
        0.9333333373069763
      ],
      [
        0.0,
        0.0,
        0.0,
        0.1666666716337204
      ],
      [
        0.0,
        0.0,
        0.6666666865348816,
        0.8333333134651184
      ],
      [
        2.0,
        2.0,
        0.3636363744735718,
        0.4545454680919647
      ],
      [
        1.0,
        2.0,
        0.46666666865348816,
        0.9090909361839294
      ],
      [
        1.0,
        1.0,
        0.5333333611488342,
        0.6000000238418579
      ],
      [
        2.0,
        1.0,
        0.09090909361839294,
        0.8666666746139526
      ],
      [
        0.0,
        0.0,
        0.3333333432674408,
        0.5
      ],
      [
        1.0,
        1.0,
        0.3333333432674408,
        0.4000000059604645
      ],
      [
        1.0,
        1.0,
        0.6666666865348816,
        0.7333333492279053
      ],
      [
        1.0,
        1.0,
        0.06666667014360428,
        0.13333334028720856
      ]
    ],
    "routes": [
      {
        "agent": 0,
        "stops": [
          {
            "node": 7,
            "operation": "dropoff"
          },
          {
            "node": 7,
            "operation": "pickup"
          },
          {
            "node": 13,
            "operation": "dropoff"
          },
          {
            "node": 13,
            "operation": "pickup"
          },
          {
            "node": 8,
            "operation": "dropoff"
          },
          {
            "node": 8,
            "operation": "pickup"
          }
        ],
        "completion_time": 3173.0
      },
      {
        "agent": 1,
        "stops": [
          {
            "node": 6,
            "operation": "dropoff"
          },
          {
            "node": 16,
            "operation": "dropoff"
          },
          {
            "node": 16,
            "operation": "pickup"
          },
          {
            "node": 5,
            "operation": "dropoff"
          },
          {
            "node": 5,
            "operation": "pickup"
          },
          {
            "node": 14,
            "operation": "dropoff"
          },
          {
            "node": 14,
            "operation": "pickup"
          },
          {
            "node": 10,
            "operation": "dropoff"
          },
          {
            "node": 11,
            "operation": "dropoff"
          },
          {
            "node": 11,
            "operation": "pickup"
          },
          {
            "node": 15,
            "operation": "dropoff"
          },
          {
            "node": 15,
            "operation": "pickup"
          },
          {
            "node": 3,
            "operation": "pickup"
          },
          {
            "node": 12,
            "operation": "pickup"
          }
        ],
        "completion_time": 3289.0
      },
      {
        "agent": 2,
        "stops": [
          {
            "node": 3,
            "operation": "dropoff"
          },
          {
            "node": 12,
            "operation": "dropoff"
          },
          {
            "node": 2,
            "operation": "dropoff"
          },
          {
            "node": 2,
            "operation": "pickup"
          },
          {
            "node": 9,
            "operation": "dropoff"
          },
          {
            "node": 9,
            "operation": "pickup"
          },
          {
            "node": 1,
            "operation": "dropoff"
          },
          {
            "node": 1,
            "operation": "pickup"
          },
          {
            "node": 4,
            "operation": "dropoff"
          },
          {
            "node": 4,
            "operation": "pickup"
          },
          {
            "node": 10,
            "operation": "pickup"
          },
          {
            "node": 6,
            "operation": "pickup"
          }
        ],
        "completion_time": 3264.0
      }
    ],
    "jobs": {
      "6": {
        "dropoff_time": 80.0,
        "processing_start": 80.0,
        "processing_end": 1534.0,
        "pickup_time": 3184.0,
        "wait_time": 0.0,
        "assigned_agent": 1
      },
      "3": {
        "dropoff_time": 91.0,
        "processing_start": 91.0,
        "processing_end": 685.0,
        "pickup_time": 3192.0,
        "wait_time": 0.0,
        "assigned_agent": 2
      },
      "16": {
        "dropoff_time": 109.0,
        "processing_start": 109.0,
        "processing_end": 361.0,
        "pickup_time": 361.0,
        "wait_time": 252.0,
        "assigned_agent": 1
      },
      "12": {
        "dropoff_time": 118.0,
        "processing_start": 118.0,
        "processing_end": 832.0,
        "pickup_time": 3219.0,
        "wait_time": 0.0,
        "assigned_agent": 2
      },
      "7": {
        "dropoff_time": 134.0,
        "processing_start": 134.0,
        "processing_end": 228.0,
        "pickup_time": 228.0,
        "wait_time": 94.0,
        "assigned_agent": 0
      },
      "2": {
        "dropoff_time": 309.0,
        "processing_start": 309.0,
        "processing_end": 1233.0,
        "pickup_time": 1233.0,
        "wait_time": 924.0,
        "assigned_agent": 2
      },
      "13": {
        "dropoff_time": 336.0,
        "processing_start": 336.0,
        "processing_end": 1306.0,
        "pickup_time": 1306.0,
        "wait_time": 970.0,
        "assigned_agent": 0
      },
      "5": {
        "dropoff_time": 396.0,
        "processing_start": 396.0,
        "processing_end": 592.0,
        "pickup_time": 592.0,
        "wait_time": 196.0,
        "assigned_agent": 1
      },
      "14": {
        "dropoff_time": 715.0,
        "processing_start": 715.0,
        "processing_end": 943.0,
        "pickup_time": 943.0,
        "wait_time": 228.0,
        "assigned_agent": 1
      },
      "10": {
        "dropoff_time": 1083.0,
        "processing_start": 1083.0,
        "processing_end": 2069.0,
        "pickup_time": 2892.0,
        "wait_time": 0.0,
        "assigned_agent": 1
      },
      "9": {
        "dropoff_time": 1495.0,
        "processing_start": 1495.0,
        "processing_end": 1791.0,
        "pickup_time": 1791.0,
        "wait_time": 296.0,
        "assigned_agent": 2
      },
      "11": {
        "dropoff_time": 1518.0,
        "processing_start": 1518.0,
        "processing_end": 2000.0,
        "pickup_time": 2000.0,
        "wait_time": 482.0,
        "assigned_agent": 1
      },
      "8": {
        "dropoff_time": 1632.0,
        "processing_start": 1632.0,
        "processing_end": 2914.0,
        "pickup_time": 2914.0,
        "wait_time": 1282.0,
        "assigned_agent": 0
      },
      "1": {
        "dropoff_time": 2080.0,