{
  "problem": {
    "num_customers": 28,
    "num_agents": 6,
    "resources_per_agent": 4,
    "depot": 0,
    "tsp_file": "datasets/bays29/bays29.tsp",
    "jobs_file": "datasets/bays29/1R20/job_times_1.csv"
  },
  "alns_config": {
    "max_iterations": 20000,
    "max_time_seconds": 300,
    "parallel_workers": 4,
    "allow_cross_vehicle": true
  },
  "warm_start": {
    "used": true,
    "file": "results/heuristics_only/bays29/1R20/job_times_1_heuristics.json",
    "heuristic": "Max Regret",
    "initial_makespan": 9461.0
  },
  "solution": {
    "makespan": 9172.0,
    "solve_time_seconds": 14.090709924697876,
    "cross_vehicle_pickups": 13,
    "improvement": 289.0,
    "improvement_pct": 3.054645386322799,
    "chromosome": [
      [
        0.0,
        0.0,
        0.8214285969734192,
        0.8571428656578064
      ],
      [
        1.0,
        0.0,
        0.3333333432674408,
        0.8928571343421936
      ],
      [
        0.0,
        0.0,
        0.4285714328289032,
        0.4642857015132904
      ],
      [
        4.0,
        4.0,
        0.7777777910232544,
        0.8888888955116272
      ],
      [
        0.0,
        0.0,
        0.0,
        0.0357142873108387
      ],
      [
        3.0,
        3.0,
        0.375,
        0.5
      ],
      [
        0.0,
        0.0,
        0.1785714328289032,
        0.2142857164144516
      ],
      [
        4.0,
        4.0,
        0.5555555820465088,
        0.6666666865348816
      ],
      [
        0.0,
        0.0,
        0.75,
        0.7857142686843872
      ],
      [
        3.0,
        0.0,
        0.25,
        0.7142857313156128
      ],
      [
        0.0,
        0.0,
        0.0714285746216774,
        0.1071428582072258
      ],
      [
        3.0,
        0.0,
        0.125,
        0.6785714030265808
      ],
      [
        4.0,
        0.0,
        0.0,
        0.6428571343421936
      ],
      [
        3.0,
        0.0,
        0.0,
        0.6071428656578064
      ],
      [
        0.0,
        0.0,
        0.3214285671710968,
        0.3571428656578064
      ],
      [
        5.0,
        0.0,
        0.25,
        0.5714285969734192
      ],
      [
        5.0,
        0.0,
        0.0,
        0.5357142686843872
      ],
      [
        5.0,
        0.0,
        0.5,
        0.5
      ],
      [
        1.0,
        1.0,
        0.5,
        0.6666666865348816
      ],
      [
        0.0,
        0.0,
        0.9285714030265808,
        0.9642857313156128
      ],
      [
        1.0,
        0.0,
        0.8333333134651184,
        0.3928571343421936
      ],
      [
        1.0,
        0.0,
        0.0,
        0.2857142984867096
      ],
      [
        1.0,
        3.0,
        0.1666666716337204,
        0.875
      ],
      [
        3.0,
        3.0,
        0.625,
        0.75
      ],
      [
        4.0,
        4.0,
        0.3333333432674408,
        0.4444444477558136
      ],
      [
        5.0,
        0.0,
        0.75,
        0.25
      ],
      [
        2.0,
        0.0,
        0.0,
        0.1428571492433548
      ],
      [
        4.0,
        4.0,
        0.1111111119389534,
        0.2222222238779068
      ]
    ],
    "routes": [
      {
        "agent": 0,
        "stops": [
          {
            "node": 5,
            "operation": "dropoff"
          },
          {
            "node": 5,
            "operation": "pickup"
          },
          {
            "node": 11,
            "operation": "dropoff"
          },
          {
            "node": 11,
            "operation": "pickup"
          },
          {
            "node": 7,
            "operation": "dropoff"
          },
          {
            "node": 27,
            "operation": "pickup"
          },
          {
            "node": 15,
            "operation": "dropoff"
          },
          {
            "node": 7,
            "operation": "pickup"
          },
          {
            "node": 3,
            "operation": "dropoff"
          },
          {
            "node": 26,
            "operation": "pickup"
          },
          {
            "node": 9,
            "operation": "dropoff"
          },
          {
            "node": 22,
            "operation": "pickup"
          },
          {
            "node": 1,
            "operation": "dropoff"
          },
          {
            "node": 15,
            "operation": "pickup"
          },
          {
            "node": 20,
            "operation": "dropoff"
          },
          {
            "node": 21,
            "operation": "pickup"
          }
        ],
        "completion_time": 7843.0
      },
      {
        "agent": 1,
        "stops": [
          {
            "node": 22,
            "operation": "dropoff"
          },
          {
            "node": 23,
            "operation": "dropoff"
          },
          {
            "node": 2,
            "operation": "dropoff"
          },
          {
            "node": 19,
            "operation": "dropoff"
          },
          {
            "node": 19,
            "operation": "pickup"
          },
          {
            "node": 21,
            "operation": "dropoff"
          },
          {
            "node": 13,
            "operation": "pickup"
          },
          {
            "node": 16,
            "operation": "pickup"
          },
          {
            "node": 18,
            "operation": "pickup"
          },
          {
            "node": 2,
            "operation": "pickup"
          }
        ],
        "completion_time": 9172.0
      },
      {
        "agent": 2,
        "stops": [
          {
            "node": 27,
            "operation": "dropoff"
          },
          {
            "node": 14,
            "operation": "pickup"
          }
        ],
        "completion_time": 942.0
      },
      {
        "agent": 3,
        "stops": [
          {
            "node": 14,
            "operation": "dropoff"
          },
          {
            "node": 12,
            "operation": "dropoff"
          },
          {
            "node": 10,
            "operation": "dropoff"
          },
          {
            "node": 6,
            "operation": "dropoff"
          },
          {
            "node": 6,
            "operation": "pickup"
          },
          {
            "node": 24,
            "operation": "dropoff"
          },
          {
            "node": 24,
            "operation": "pickup"
          },
          {
            "node": 23,
            "operation": "pickup"
          },
          {
            "node": 3,
            "operation": "pickup"
          },
          {
            "node": 9,
            "operation": "pickup"
          }
        ],
        "completion_time": 7551.0
      },
      {
        "agent": 4,
        "stops": [
          {
            "node": 13,
            "operation": "dropoff"
          },
          {
            "node": 28,
            "operation": "dropoff"
          },
          {
            "node": 28,
            "operation": "pickup"
          },
          {
            "node": 25,
            "operation": "dropoff"
          },
          {
            "node": 25,
            "operation": "pickup"
          },
          {
            "node": 8,
            "operation": "dropoff"
          },
          {
            "node": 8,
            "operation": "pickup"
          },
          {
            "node": 4,
            "operation": "dropoff"
          },
          {
            "node": 4,
            "operation": "pickup"
          },
          {
            "node": 1,
            "operation": "pickup"
          }
        ],
        "completion_time": 8923.0
      },
      {
        "agent": 5,
        "stops": [
          {
            "node": 17,
            "operation": "dropoff"
          },
          {
            "node": 16,
            "operation": "dropoff"
          },
          {
            "node": 18,