{
  "problem": {
    "num_customers": 28,
    "num_agents": 6,
    "resources_per_agent": 4,
    "depot": 0,
    "tsp_file": "datasets/bays29/bays29.tsp",
    "jobs_file": "datasets/bays29/1R20/job_times_2.csv"
  },
  "alns_config": {
    "max_iterations": 20000,
    "max_time_seconds": 300,
    "parallel_workers": 4,
    "allow_cross_vehicle": true
  },
  "warm_start": {
    "used": true,
    "file": "results/heuristics_only/bays29/1R20/job_times_2_heuristics.json",
    "heuristic": "Max Regret",
    "initial_makespan": 10545.0
  },
  "solution": {
    "makespan": 9182.0,
    "solve_time_seconds": 14.563433408737183,
    "cross_vehicle_pickups": 13,
    "improvement": 1363.0,
    "improvement_pct": 12.925557136083452,
    "chromosome": [
      [
        3.0,
        3.0,
        0.38461539149284363,
        0.4615384638309479
      ],
      [
        3.0,
        3.0,
        0.23076923191547394,
        0.3076923191547394
      ],
      [
        2.0,
        0.0,
        0.3333333432674408,
        0.9655172228813171
      ],
      [
        0.0,
        0.0,
        0.3103448152542114,
        0.3448275923728943
      ],
      [
        0.0,
        0.0,
        0.0,
        0.03448275849223137
      ],
      [
        3.0,
        3.0,
        0.692307710647583,
        0.7692307829856873
      ],
      [
        0.0,
        0.0,
        0.1034482792019844,
        0.13793103396892548
      ],
      [
        0.0,
        0.0,
        0.8620689511299133,
        0.8965517282485962
      ],
      [
        5.0,
        0.0,
        0.6666666865348816,
        0.931034505367279
      ],
      [
        5.0,
        5.0,
        0.1666666716337204,
        0.3333333432674408
      ],
      [
        5.0,
        0.0,
        0.8333333134651184,
        0.8275862336158752
      ],
      [
        2.0,
        0.0,
        0.0,
        0.7931034564971924
      ],
      [
        0.0,
        0.0,
        0.517241358757019,
        0.5517241358757019
      ],
      [
        3.0,
        0.0,
        0.6153846383094788,
        0.7586206793785095
      ],
      [
        4.0,
        4.0,
        0.4000000059604645,
        0.6000000238418579
      ],
      [
        4.0,
        0.0,
        0.20000000298023224,
        0.7241379022598267
      ],
      [
        4.0,
        0.0,
        0.0,
        0.6206896305084229
      ],
      [
        3.0,
        0.0,
        0.5384615659713745,
        0.4482758641242981
      ],
      [
        0.0,
        0.0,
        0.6551724076271057,
        0.6896551847457886
      ],
      [
        0.0,
        0.0,
        0.27586206793785095,
        0.4137931168079376
      ],
      [
        5.0,
        0.0,
        0.5,
        0.5862069129943848
      ],
      [
        3.0,
        3.0,
        0.8461538553237915,
        0.9230769276618958
      ],
      [
        0.0,
        0.0,
        0.2068965584039688,
        0.24137930572032928
      ],
      [
        5.0,
        0.0,
        0.0,
        0.48275861144065857
      ],
      [
        3.0,
        0.0,
        0.0,
        0.37931033968925476
      ],
      [
        4.0,
        0.0,
        0.800000011920929,
        0.17241379618644714
      ],
      [
        2.0,
        0.0,
        0.6666666865348816,
        0.06896551698446274
      ],
      [
        3.0,
        3.0,
        0.07692307978868484,
        0.1538461595773697
      ]
    ],
    "routes": [
      {
        "agent": 0,
        "stops": [
          {
            "node": 5,
            "operation": "dropoff"
          },
          {
            "node": 5,
            "operation": "pickup"
          },
          {
            "node": 7,
            "operation": "dropoff"
          },
          {
            "node": 27,
            "operation": "pickup"
          },
          {
            "node": 23,
            "operation": "dropoff"
          },
          {
            "node": 7,
            "operation": "pickup"
          },
          {
            "node": 20,
            "operation": "dropoff"
          },
          {
            "node": 26,
            "operation": "pickup"
          },
          {
            "node": 4,
            "operation": "dropoff"
          },
          {
            "node": 23,
            "operation": "pickup"
          },
          {
            "node": 13,
            "operation": "dropoff"
          },
          {
            "node": 4,
            "operation": "pickup"
          },
          {
            "node": 19,
            "operation": "dropoff"
          },
          {
            "node": 25,
            "operation": "pickup"
          },
          {
            "node": 8,
            "operation": "dropoff"
          },
          {
            "node": 20,
            "operation": "pickup"
          }
        ],
        "completion_time": 8355.0
      },
      {
        "agent": 1,
        "stops": [],
        "completion_time": 0.0
      },
      {
        "agent": 2,
        "stops": [
          {
            "node": 12,
            "operation": "dropoff"
          },
          {
            "node": 3,
            "operation": "dropoff"
          },
          {
            "node": 27,
            "operation": "dropoff"
          },
          {
            "node": 12,
            "operation": "pickup"
          },
          {
            "node": 24,
            "operation": "pickup"
          },
          {
            "node": 16,
            "operation": "pickup"
          }
        ],
        "completion_time": 7890.0
      },
      {
        "agent": 3,
        "stops": [
          {
            "node": 25,
            "operation": "dropoff"
          },
          {
            "node": 28,
            "operation": "dropoff"
          },
          {
            "node": 28,
            "operation": "pickup"
          },
          {
            "node": 2,
            "operation": "dropoff"
          },
          {
            "node": 2,
            "operation": "pickup"
          },
          {
            "node": 1,
            "operation": "dropoff"
          },
          {
            "node": 1,
            "operation": "pickup"
          },
          {
            "node": 18,
            "operation": "dropoff"
          },
          {
            "node": 14,
            "operation": "dropoff"
          },
          {
            "node": 6,
            "operation": "dropoff"
          },
          {
            "node": 6,
            "operation": "pickup"
          },
          {
            "node": 22,
            "operation": "dropoff"
          },
          {
            "node": 22,
            "operation": "pickup"
          },
          {
            "node": 13,
            "operation": "pickup"
          },
          {
            "node": 19,
            "operation": "pickup"
          },
          {
            "node": 8,
            "operation": "pickup"
          }
        ],
        "completion_time": 9182.0
      },
      {
        "agent": 4,
        "stops": [
          {
            "node": 17,
            "operation": "dropoff"
          },
          {
            "node": 16,
            "operation": "dropoff"
          },
          {
            "node": 15,
            "operation": "dropoff"
          },
          {
            "node": 15,
            "operation": "pickup"
          },
          {
            "node": 26,
            "operation": "dropoff"
          },
          {
            "node": 3,
            "operation": "pickup"
          },
          {
            "node": 21,
            "operation": "pickup"
          },
          {
            "node": 11,
            "operation": "pickup"
          }
        ],
        "completion_time": 8695.0
      },
      {
        "agent": 5,
        "stops": [
          {
            "node": 24,
            "operation": "dropoff"
          },
          {
            "node": 10,
            "operation": "dropoff"
          },
          {
            "node": 10,