{
  "problem": {
    "num_customers": 28,
    "num_agents": 6,
    "resources_per_agent": 4,
    "depot": 0,
    "tsp_file": "datasets/bays29/bays29.tsp",
    "jobs_file": "datasets/bays29/5x/job_times.csv"
  },
  "alns_config": {
    "max_iterations": 20000,
    "max_time_seconds": 300,
    "parallel_workers": 4,
    "allow_cross_vehicle": true
  },
  "warm_start": {
    "used": true,
    "file": "results/heuristics_only/bays29/5x/bays29_heuristics.json",
    "heuristic": "Max Regret",
    "initial_makespan": 4625.0
  },
  "solution": {
    "makespan": 4203.0,
    "solve_time_seconds": 6.277740240097046,
    "cross_vehicle_pickups": 20,
    "improvement": 422.0,
    "improvement_pct": 9.124324324324325,
    "chromosome": [
      [
        0.0,
        0.0,
        0.8529411554336548,
        0.9117646813392639
      ],
      [
        1.0,
        0.0,
        0.6666666865348816,
        0.8823529481887817
      ],
      [
        2.0,
        0.0,
        0.5,
        0.8235294222831726
      ],
      [
        0.0,
        0.0,
        0.529411792755127,
        0.5588235259056091
      ],
      [
        3.0,
        0.0,
        0.8333333134651184,
        0.7647058963775635
      ],
      [
        3.0,
        0.0,
        0.5,
        0.6764705777168274
      ],
      [
        4.0,
        0.0,
        0.800000011920929,
        0.6470588445663452
      ],
      [
        0.0,
        0.0,
        0.970588207244873,
        0.5882353186607361
      ],
      [
        0.0,
        0.0,
        0.47058823704719543,
        0.7941176295280457
      ],
      [
        4.0,
        0.0,
        0.4000000059604645,
        0.5
      ],
      [
        2.0,
        0.0,
        0.0,
        0.44117647409439087
      ],
      [
        0.0,
        0.0,
        0.9411764740943909,
        0.4117647111415863
      ],
      [
        5.0,
        0.0,
        0.25,
        0.38235294818878174
      ],
      [
        5.0,
        0.0,
        0.5,
        0.3529411852359772
      ],
      [
        4.0,
        0.0,
        0.6000000238418579,
        0.14705882966518402
      ],
      [
        3.0,
        0.0,
        0.0,
        0.3235294222831726
      ],
      [
        0.0,
        0.0,
        0.20588235557079315,
        0.23529411852359772
      ],
      [
        1.0,
        0.0,
        0.3333333432674408,
        0.29411765933036804
      ],
      [
        5.0,
        0.0,
        0.75,
        0.2647058963775635
      ],
      [
        2.0,
        0.0,
        0.25,
        0.029411764815449715
      ],
      [
        3.0,
        3.0,
        0.1666666716337204,
        0.3333333432674408
      ],
      [
        0.0,
        0.0,
        0.7058823704719543,
        0.7352941036224365
      ],
      [
        2.0,
        0.0,
        0.75,
        0.1764705926179886
      ],
      [
        5.0,
        0.0,
        0.0,
        0.11764705926179886
      ],
      [
        4.0,
        0.0,
        0.0,
        0.0882352963089943
      ],
      [
        1.0,
        0.0,
        0.0,
        0.05882352963089943
      ],
      [
        3.0,
        0.0,
        0.6666666865348816,
        0.6176470518112183
      ],
      [
        4.0,
        0.0,
        0.20000000298023224,
        0.0
      ]
    ],
    "routes": [
      {
        "agent": 0,
        "stops": [
          {
            "node": 17,
            "operation": "dropoff"
          },
          {
            "node": 28,
            "operation": "pickup"
          },
          {
            "node": 9,
            "operation": "dropoff"
          },
          {
            "node": 20,
            "operation": "pickup"
          },
          {
            "node": 4,
            "operation": "dropoff"
          },
          {
            "node": 26,
            "operation": "pickup"
          },
          {
            "node": 22,
            "operation": "dropoff"
          },
          {
            "node": 25,
            "operation": "pickup"
          },
          {
            "node": 1,
            "operation": "dropoff"
          },
          {
            "node": 24,
            "operation": "pickup"
          },
          {
            "node": 12,
            "operation": "dropoff"
          },
          {
            "node": 15,
            "operation": "pickup"
          },
          {
            "node": 8,
            "operation": "dropoff"
          },
          {
            "node": 23,
            "operation": "pickup"
          }
        ],
        "completion_time": 3521.0
      },
      {
        "agent": 1,
        "stops": [
          {
            "node": 26,
            "operation": "dropoff"
          },
          {
            "node": 18,
            "operation": "dropoff"
          },
          {
            "node": 2,
            "operation": "dropoff"
          },
          {
            "node": 11,
            "operation": "pickup"
          },
          {
            "node": 4,
            "operation": "pickup"
          },
          {
            "node": 27,
            "operation": "pickup"
          }
        ],
        "completion_time": 4032.0
      },
      {
        "agent": 2,
        "stops": [
          {
            "node": 11,
            "operation": "dropoff"
          },
          {
            "node": 20,
            "operation": "dropoff"
          },
          {
            "node": 3,
            "operation": "dropoff"
          },
          {
            "node": 23,
            "operation": "dropoff"
          },
          {
            "node": 18,
            "operation": "pickup"
          },
          {
            "node": 16,
            "operation": "pickup"
          },
          {
            "node": 14,
            "operation": "pickup"
          },
          {
            "node": 22,
            "operation": "pickup"
          }
        ],
        "completion_time": 3790.0
      },
      {
        "agent": 3,
        "stops": [
          {
            "node": 16,
            "operation": "dropoff"
          },
          {
            "node": 21,
            "operation": "dropoff"
          },
          {
            "node": 21,
            "operation": "pickup"
          },
          {
            "node": 6,
            "operation": "dropoff"
          },
          {
            "node": 27,
            "operation": "dropoff"
          },
          {
            "node": 5,
            "operation": "dropoff"
          },
          {
            "node": 3,
            "operation": "pickup"
          },
          {
            "node": 2,
            "operation": "pickup"
          },
          {
            "node": 1,
            "operation": "pickup"
          },
          {
            "node": 12,
            "operation": "pickup"
          }
        ],
        "completion_time": 4203.0
      },
      {
        "agent": 4,
        "stops": [
          {
            "node": 25,
            "operation": "dropoff"
          },
          {
            "node": 28,
            "operation": "dropoff"
          },
          {
            "node": 10,
            "operation": "dropoff"
          },
          {
            "node": 15,
            "operation": "dropoff"
          },
          {
            "node": 17,
            "operation": "pickup"
          },
          {
            "node": 7,
            "operation": "dropoff"
          },
          {
            "node": 13,
            "operation": "pickup"
          },
          {
            "node": 5,
            "operation": "pickup"
          },
          {
            "node": 8,
            "operation": "pickup"
          },
          {
            "node": 7,
            "operation": "pickup"
          }
        ],
        "completion_time": 3762.0
      },
      {
        "agent": 5,
        "stops": [
          {
            "node": 24,
            "operation": "dropoff"
          },
          {
            "node": 13,