{
  "problem": {
    "num_customers": 20,
    "num_agents": 3,
    "resources_per_agent": 5,
    "depot": 0,
    "tsp_file": "datasets/gr21/gr21.tsp",
    "jobs_file": "datasets/gr21/1R20/job_times_2.csv"
  },
  "alns_config": {
    "max_iterations": 20000,
    "max_time_seconds": 300,
    "parallel_workers": 4,
    "allow_cross_vehicle": true
  },
  "warm_start": {
    "used": true,
    "file": "results/heuristics_only/gr21/1R20/job_times_2_heuristics.json",
    "heuristic": "Greedy Defer 5.0x",
    "initial_makespan": 17666.0
  },
  "solution": {
    "makespan": 14371.0,
    "solve_time_seconds": 4.301348924636841,
    "cross_vehicle_pickups": 6,
    "improvement": 3295.0,
    "improvement_pct": 18.65164723197102,
    "chromosome": [
      [
        2.0,
        2.0,
        0.2666666805744171,
        0.3333333432674408
      ],
      [
        0.0,
        0.0,
        0.6428571343421936,
        0.7142857313156128
      ],
      [
        1.0,
        2.0,
        0.0,
        0.9333333373069763
      ],
      [
        0.0,
        0.0,
        0.3571428656578064,
        0.4285714328289032
      ],
      [
        0.0,
        0.0,
        0.0714285746216774,
        0.1428571492433548
      ],
      [
        2.0,
        0.0,
        0.0,
        0.9285714030265808
      ],
      [
        0.0,
        0.0,
        0.7857142686843872,
        0.8571428656578064
      ],
      [
        0.0,
        0.0,
        0.5,
        0.5714285969734192
      ],
      [
        1.0,
        1.0,
        0.3636363744735718,
        0.6363636255264282
      ],
      [
        1.0,
        1.0,
        0.09090909361839294,
        0.1818181872367859
      ],
      [
        0.0,
        1.0,
        0.0,
        0.9090909361839294
      ],
      [
        2.0,
        2.0,
        0.6666666865348816,
        0.7333333492279053
      ],
      [
        2.0,
        2.0,
        0.5333333611488342,
        0.6000000238418579
      ],
      [
        2.0,
        2.0,
        0.4000000059604645,
        0.46666666865348816
      ],
      [
        0.0,
        0.0,
        0.2142857164144516,
        0.2857142984867096
      ],
      [
        2.0,
        1.0,
        0.13333334028720856,
        0.7272727489471436
      ],
      [
        1.0,
        1.0,
        0.4545454680919647,
        0.5454545617103577
      ],
      [
        2.0,
        1.0,
        0.06666667014360428,
        0.8181818127632141
      ],
      [
        1.0,
        2.0,
        0.27272728085517883,
        0.8666666746139526
      ],
      [
        2.0,
        2.0,
        0.20000000298023224,
        0.800000011920929
      ]
    ],
    "routes": [
      {
        "agent": 0,
        "stops": [
          {
            "node": 11,
            "operation": "dropoff"
          },
          {
            "node": 5,
            "operation": "dropoff"
          },
          {
            "node": 5,
            "operation": "pickup"
          },
          {
            "node": 15,
            "operation": "dropoff"
          },
          {
            "node": 15,
            "operation": "pickup"
          },
          {
            "node": 4,
            "operation": "dropoff"
          },
          {
            "node": 4,
            "operation": "pickup"
          },
          {
            "node": 8,
            "operation": "dropoff"
          },
          {
            "node": 8,
            "operation": "pickup"
          },
          {
            "node": 2,
            "operation": "dropoff"
          },
          {
            "node": 2,
            "operation": "pickup"
          },
          {
            "node": 7,
            "operation": "dropoff"
          },
          {
            "node": 7,
            "operation": "pickup"
          },
          {
            "node": 6,
            "operation": "pickup"
          }
        ],
        "completion_time": 11405.0
      },
      {
        "agent": 1,
        "stops": [
          {
            "node": 3,
            "operation": "dropoff"
          },
          {
            "node": 10,
            "operation": "dropoff"
          },
          {
            "node": 10,
            "operation": "pickup"
          },
          {
            "node": 19,
            "operation": "dropoff"
          },
          {
            "node": 9,
            "operation": "dropoff"
          },
          {
            "node": 17,
            "operation": "dropoff"
          },
          {
            "node": 17,
            "operation": "pickup"
          },
          {
            "node": 9,
            "operation": "pickup"
          },
          {
            "node": 16,
            "operation": "pickup"
          },
          {
            "node": 18,
            "operation": "pickup"
          }
        ],
        "completion_time": 14371.0
      },
      {
        "agent": 2,
        "stops": [
          {
            "node": 6,
            "operation": "dropoff"
          },
          {
            "node": 18,
            "operation": "dropoff"
          },
          {
            "node": 16,
            "operation": "dropoff"
          },
          {
            "node": 20,
            "operation": "dropoff"
          },
          {
            "node": 1,
            "operation": "dropoff"
          },
          {
            "node": 1,
            "operation": "pickup"
          },
          {
            "node": 14,
            "operation": "dropoff"
          },
          {
            "node": 14,
            "operation": "pickup"
          },
          {
            "node": 13,
            "operation": "dropoff"
          },
          {
            "node": 13,
            "operation": "pickup"
          },
          {
            "node": 12,
            "operation": "dropoff"
          },
          {
            "node": 12,
            "operation": "pickup"
          },
          {
            "node": 20,
            "operation": "pickup"
          },
          {
            "node": 19,
            "operation": "pickup"
          },
          {
            "node": 3,
            "operation": "pickup"
          },
          {
            "node": 11,
            "operation": "pickup"
          }
        ],
        "completion_time": 13203.0
      }
    ],
    "jobs": {
      "11": {
        "dropoff_time": 68.0,
        "processing_start": 68.0,
        "processing_end": 3683.0,
        "pickup_time": 13135.0,
        "wait_time": 0.0,
        "assigned_agent": 0
      },
      "3": {
        "dropoff_time": 91.0,
        "processing_start": 91.0,
        "processing_end": 2170.0,
        "pickup_time": 13108.0,
        "wait_time": 0.0,
        "assigned_agent": 1
      },
      "6": {
        "dropoff_time": 110.0,
        "processing_start": 110.0,
        "processing_end": 8107.0,
        "pickup_time": 11295.0,
        "wait_time": 0.0,
        "assigned_agent": 2
      },
      "10": {
        "dropoff_time": 154.0,
        "processing_start": 154.0,
        "processing_end": 1140.0,
        "pickup_time": 1140.0,
        "wait_time": 986.0,
        "assigned_agent": 1
      },
      "5": {
        "dropoff_time": 159.0,
        "processing_start": 159.0,
        "processing_end": 453.0,
        "pickup_time": 453.0,
        "wait_time": 294.0,
        "assigned_agent": 0
      },
      "18": {
        "dropoff_time": 330.0,
        "processing_start": 330.0,
        "processing_end": 801.0,
        "pickup_time": 14201.0,
        "wait_time": 0.0,
        "assigned_agent": 2
      },
      "16": {
        "dropoff_time": 417.0,
        "processing_start": 417.0,
        "processing_end": 2685.0,
        "pickup_time": 14114.0,
        "wait_time": 0.0,
        "assigned_agent": 2
      },
      "15": {
        "dropoff_time": 578.0,
        "processing_start": 578.0,
        "processing_end": 1775.0,
        "pickup_time": 1775.0,
        "wait_time": 1197.0,
        "assigned_agent": 0
      },