{
  "problem": {
    "num_customers": 28,
    "num_agents": 6,
    "resources_per_agent": 4,
    "depot": 0,
    "tsp_file": "datasets/bays29/bays29.tsp",
    "jobs_file": "datasets/bays29/2x/job_times.csv"
  },
  "alns_config": {
    "max_iterations": 20000,
    "max_time_seconds": 300,
    "parallel_workers": 4,
    "allow_cross_vehicle": true
  },
  "warm_start": {
    "used": true,
    "file": "results/heuristics_only/bays29/2x/bays29_heuristics.json",
    "heuristic": "Greedy Defer 5.0x",
    "initial_makespan": 2438.0
  },
  "solution": {
    "makespan": 2292.0,
    "solve_time_seconds": 33.16180419921875,
    "cross_vehicle_pickups": 8,
    "improvement": 146.0,
    "improvement_pct": 5.988515176374077,
    "chromosome": [
      [
        5.0,
        5.0,
        0.0,
        0.8999999761581421
      ],
      [
        0.0,
        0.0,
        0.5,
        0.6000000238418579
      ],
      [
        5.0,
        5.0,
        0.30000001192092896,
        0.4000000059604645
      ],
      [
        1.0,
        0.0,
        0.1111111119389534,
        0.8999999761581421
      ],
      [
        0.0,
        0.0,
        0.10000000149011612,
        0.20000000298023224
      ],
      [
        3.0,
        3.0,
        0.5,
        0.6000000238418579
      ],
      [
        3.0,
        4.0,
        0.0,
        0.8888888955116272
      ],
      [
        0.0,
        3.0,
        0.30000001192092896,
        0.8999999761581421
      ],
      [
        5.0,
        5.0,
        0.20000000298023224,
        0.699999988079071
      ],
      [
        4.0,
        4.0,
        0.2222222238779068,
        0.3333333432674408
      ],
      [
        4.0,
        1.0,
        0.0,
        0.8888888955116272
      ],
      [
        4.0,
        4.0,
        0.1111111119389534,
        0.6666666865348816
      ],
      [
        5.0,
        5.0,
        0.5,
        0.6000000238418579
      ],
      [
        2.0,
        2.0,
        0.375,
        0.5
      ],
      [
        2.0,
        2.0,
        0.125,
        0.75
      ],
      [
        1.0,
        1.0,
        0.5555555820465088,
        0.6666666865348816
      ],
      [
        1.0,
        1.0,
        0.3333333432674408,
        0.4444444477558136
      ],
      [
        2.0,
        2.0,
        0.25,
        0.625
      ],
      [
        5.0,
        5.0,
        0.10000000149011612,
        0.800000011920929
      ],
      [
        1.0,
        1.0,
        0.0,
        0.7777777910232544
      ],
      [
        4.0,
        4.0,
        0.4444444477558136,
        0.5555555820465088
      ],
      [
        3.0,
        3.0,
        0.20000000298023224,
        0.699999988079071
      ],
      [
        2.0,
        4.0,
        0.0,
        0.7777777910232544
      ],
      [
        3.0,
        3.0,
        0.30000001192092896,
        0.4000000059604645
      ],
      [
        1.0,
        0.0,
        0.2222222238779068,
        0.800000011920929
      ],
      [
        3.0,
        2.0,
        0.10000000149011612,
        0.875
      ],
      [
        0.0,
        3.0,
        0.0,
        0.800000011920929
      ],
      [
        0.0,
        0.0,
        0.4000000059604645,
        0.699999988079071
      ]
    ],
    "routes": [
      {
        "agent": 0,
        "stops": [
          {
            "node": 27,
            "operation": "dropoff"
          },
          {
            "node": 5,
            "operation": "dropoff"
          },
          {
            "node": 5,
            "operation": "pickup"
          },
          {
            "node": 8,
            "operation": "dropoff"
          },
          {
            "node": 28,
            "operation": "dropoff"
          },
          {
            "node": 2,
            "operation": "dropoff"
          },
          {
            "node": 2,
            "operation": "pickup"
          },
          {
            "node": 28,
            "operation": "pickup"
          },
          {
            "node": 25,
            "operation": "pickup"
          },
          {
            "node": 4,
            "operation": "pickup"
          }
        ],
        "completion_time": 1856.0
      },
      {
        "agent": 1,
        "stops": [
          {
            "node": 20,
            "operation": "dropoff"
          },
          {
            "node": 4,
            "operation": "dropoff"
          },
          {
            "node": 25,
            "operation": "dropoff"
          },
          {
            "node": 17,
            "operation": "dropoff"
          },
          {
            "node": 17,
            "operation": "pickup"
          },
          {
            "node": 16,
            "operation": "dropoff"
          },
          {
            "node": 16,
            "operation": "pickup"
          },
          {
            "node": 20,
            "operation": "pickup"
          },
          {
            "node": 11,
            "operation": "pickup"
          },
          {
            "node": 7,
            "operation": "pickup"
          }
        ],
        "completion_time": 2292.0
      },
      {
        "agent": 2,
        "stops": [
          {
            "node": 23,
            "operation": "dropoff"
          },
          {
            "node": 15,
            "operation": "dropoff"
          },
          {
            "node": 18,
            "operation": "dropoff"
          },
          {
            "node": 14,
            "operation": "dropoff"
          },
          {
            "node": 14,
            "operation": "pickup"
          },
          {
            "node": 18,
            "operation": "pickup"
          },
          {
            "node": 15,
            "operation": "pickup"
          },
          {
            "node": 26,
            "operation": "pickup"
          }
        ],
        "completion_time": 1508.0
      },
      {
        "agent": 3,
        "stops": [
          {
            "node": 7,
            "operation": "dropoff"
          },
          {
            "node": 26,
            "operation": "dropoff"
          },
          {
            "node": 22,
            "operation": "dropoff"
          },
          {
            "node": 24,
            "operation": "dropoff"
          },
          {
            "node": 24,
            "operation": "pickup"
          },
          {
            "node": 6,
            "operation": "dropoff"
          },
          {
            "node": 6,
            "operation": "pickup"
          },
          {
            "node": 22,
            "operation": "pickup"
          },
          {
            "node": 27,
            "operation": "pickup"
          },
          {
            "node": 8,
            "operation": "pickup"
          }
        ],
        "completion_time": 2037.0
      },
      {
        "agent": 4,
        "stops": [
          {
            "node": 11,
            "operation": "dropoff"
          },
          {
            "node": 12,
            "operation": "dropoff"
          },
          {
            "node": 10,
            "operation": "dropoff"
          },
          {
            "node": 10,
            "operation": "pickup"
          },
          {
            "node": 21,
            "operation": "dropoff"
          },
          {
            "node": 21,
            "operation": "pickup"
          },
          {
            "node": 12,
            "operation": "pickup"
          },
          {
            "node": 23,
            "operation": "pickup"
          }
        ],
        "completion_time": 1645.0
      },
      {
        "agent": 5,
        "stops": [
          {
            "node": 1,
            "operation": "dropoff"
          },
          {
            "node": 19,
            "operation": "dropoff"
          },
          {
            "node": 9,
            "operation": "dropoff"
          },
          {
            "node": 3,