{
  "problem": {
    "num_customers": 23,
    "num_agents": 3,
    "resources_per_agent": 5,
    "depot": 0,
    "tsp_file": "datasets/gr24/gr24.tsp",
    "jobs_file": "datasets/gr24/1R20/job_times_1.csv"
  },
  "alns_config": {
    "max_iterations": 20000,
    "max_time_seconds": 300,
    "parallel_workers": 4,
    "allow_cross_vehicle": true
  },
  "warm_start": {
    "used": true,
    "file": "results/heuristics_only/gr24/1R20/job_times_1_heuristics.json",
    "heuristic": "Max Regret",
    "initial_makespan": 14865.0
  },
  "solution": {
    "makespan": 11988.0,
    "solve_time_seconds": 11.446946144104004,
    "cross_vehicle_pickups": 8,
    "improvement": 2877.0,
    "improvement_pct": 19.354187689202824,
    "chromosome": [
      [
        1.0,
        1.0,
        0.4285714328289032,
        0.5
      ],
      [
        1.0,
        0.0,
        0.0714285746216774,
        0.8999999761581421
      ],
      [
        0.0,
        0.0,
        0.0,
        0.03333333507180214
      ],
      [
        1.0,
        1.0,
        0.7142857313156128,
        0.7857142686843872
      ],
      [
        1.0,
        0.0,
        0.0,
        0.7666666507720947
      ],
      [
        0.0,
        0.0,
        0.4333333373069763,
        0.800000011920929
      ],
      [
        1.0,
        0.0,
        0.8571428656578064,
        0.9666666388511658
      ],
      [
        0.0,
        0.0,
        0.6333333253860474,
        0.6666666865348816
      ],
      [
        0.0,
        0.0,
        0.1666666716337204,
        0.20000000298023224
      ],
      [
        0.0,
        0.0,
        0.8333333134651184,
        0.8666666746139526
      ],
      [
        0.0,
        0.0,
        0.06666667014360428,
        0.10000000149011612
      ],
      [
        0.0,
        0.0,
        0.5666666626930237,
        0.6000000238418579
      ],
      [
        0.0,
        0.0,
        0.5,
        0.5333333611488342
      ],
      [
        1.0,
        1.0,
        0.2857142984867096,
        0.3571428656578064
      ],
      [
        1.0,
        0.0,
        0.9285714030265808,
        0.46666666865348816
      ],
      [
        2.0,
        0.0,
        0.5,
        0.3333333432674408
      ],
      [
        0.0,
        0.0,
        0.9333333373069763,
        0.30000001192092896
      ],
      [
        1.0,
        0.0,
        0.2142857164144516,
        0.23333333432674408
      ],
      [
        1.0,
        1.0,
        0.5714285969734192,
        0.6428571343421936
      ],
      [
        0.0,
        0.0,
        0.36666667461395264,
        0.4000000059604645
      ],
      [
        1.0,
        0.0,
        0.1428571492433548,
        0.2666666805744171
      ],
      [
        0.0,
        0.0,
        0.699999988079071,
        0.7333333492279053
      ],
      [
        2.0,
        0.0,
        0.0,
        0.13333334028720856
      ]
    ],
    "routes": [
      {
        "agent": 0,
        "stops": [
          {
            "node": 3,
            "operation": "dropoff"
          },
          {
            "node": 3,
            "operation": "pickup"
          },
          {
            "node": 11,
            "operation": "dropoff"
          },
          {
            "node": 11,
            "operation": "pickup"
          },
          {
            "node": 9,
            "operation": "dropoff"
          },
          {
            "node": 23,
            "operation": "pickup"
          },
          {
            "node": 20,
            "operation": "dropoff"
          },
          {
            "node": 9,
            "operation": "pickup"
          },
          {
            "node": 6,
            "operation": "dropoff"
          },
          {
            "node": 18,
            "operation": "pickup"
          },
          {
            "node": 13,
            "operation": "dropoff"
          },
          {
            "node": 21,
            "operation": "pickup"
          },
          {
            "node": 12,
            "operation": "dropoff"
          },
          {
            "node": 16,
            "operation": "pickup"
          },
          {
            "node": 8,
            "operation": "dropoff"
          },
          {
            "node": 20,
            "operation": "pickup"
          },
          {
            "node": 22,
            "operation": "dropoff"
          },
          {
            "node": 13,
            "operation": "pickup"
          },
          {
            "node": 10,
            "operation": "dropoff"
          },
          {
            "node": 12,
            "operation": "pickup"
          },
          {
            "node": 17,
            "operation": "dropoff"
          },
          {
            "node": 17,
            "operation": "pickup"
          }
        ],
        "completion_time": 11816.0
      },
      {
        "agent": 1,
        "stops": [
          {
            "node": 5,
            "operation": "dropoff"
          },
          {
            "node": 2,
            "operation": "dropoff"
          },
          {
            "node": 21,
            "operation": "dropoff"
          },
          {
            "node": 18,
            "operation": "dropoff"
          },
          {
            "node": 14,
            "operation": "dropoff"
          },
          {
            "node": 14,
            "operation": "pickup"
          },
          {
            "node": 1,
            "operation": "dropoff"
          },
          {
            "node": 1,
            "operation": "pickup"
          },
          {
            "node": 19,
            "operation": "dropoff"
          },
          {
            "node": 19,
            "operation": "pickup"
          },
          {
            "node": 4,
            "operation": "dropoff"
          },
          {
            "node": 4,
            "operation": "pickup"
          },
          {
            "node": 7,
            "operation": "dropoff"
          },
          {
            "node": 6,
            "operation": "pickup"
          },
          {
            "node": 15,
            "operation": "dropoff"
          },
          {
            "node": 7,
            "operation": "pickup"
          },
          {
            "node": 8,
            "operation": "pickup"
          },
          {
            "node": 22,
            "operation": "pickup"
          },
          {
            "node": 10,
            "operation": "pickup"
          },
          {
            "node": 15,
            "operation": "pickup"
          }
        ],
        "completion_time": 11988.0
      },
      {
        "agent": 2,
        "stops": [
          {
            "node": 23,
            "operation": "dropoff"
          },
          {
            "node": 16,
            "operation": "dropoff"
          },
          {
            "node": 5,
            "operation": "pickup"
          },
          {
            "node": 2,
            "operation": "pickup"
          }
        ],
        "completion_time": 7015.0
      }
    ],
    "jobs": {
      "5": {
        "dropoff_time": 80.0,
        "processing_start": 80.0,
        "processing_end": 1568.0,
        "pickup_time": 1568.0,
        "wait_time": 1201.0,
        "assigned_agent": 1
      },
      "3": {
        "dropoff_time": 91.0,
        "processing_start": 91.0,
        "processing_end": 675.0,
        "pickup_time": 675.0,
        "wait_time": 584.0,
        "assigned_agent": 0
      },
      "23": {
        "dropoff_time": 121.0,
        "processing_start": 121.0,
        "processing_end": 5783.0,
        "pickup_time": 5783.0,
        "wait_time": 4188.0,
        "assigned_agent": 2
      },
      "2": {
        "dropoff_time": 168.0,
        "processing_start": 168.0,
        "processing_end": 6828.0,
        "pickup_time": 6828.0,
        "wait_time": 5172.0,
        "assigned_agent": 1
      },
      "16": {
        "dropoff_time": 217.0,
        "processing_start": 217.0,