{
  "problem": {
    "num_customers": 16,
    "num_agents": 3,
    "resources_per_agent": 5,
    "depot": 0,
    "tsp_file": "datasets/gr17/gr17.tsp",
    "jobs_file": "datasets/gr17/1R10/job_times_2.csv"
  },
  "alns_config": {
    "max_iterations": 20000,
    "max_time_seconds": 300,
    "parallel_workers": 4,
    "allow_cross_vehicle": true
  },
  "warm_start": {
    "used": true,
    "file": "results/heuristics_only/gr17/1R10/job_times_2_heuristics.json",
    "heuristic": "Greedy Defer 5.0x",
    "initial_makespan": 9981.0
  },
  "solution": {
    "makespan": 7835.0,
    "solve_time_seconds": 4.9751670360565186,
    "cross_vehicle_pickups": 3,
    "improvement": 2146.0,
    "improvement_pct": 21.50085161807434,
    "chromosome": [
      [
        1.0,
        1.0,
        0.5,
        0.5714285969734192
      ],
      [
        1.0,
        1.0,
        0.2857142984867096,
        0.3571428656578064
      ],
      [
        0.0,
        0.0,
        0.7142857313156128,
        0.8571428656578064
      ],
      [
        1.0,
        1.0,
        0.6428571343421936,
        0.7142857313156128
      ],
      [
        2.0,
        1.0,
        0.6363636255264282,
        0.2142857164144516
      ],
      [
        1.0,
        2.0,
        0.0,
        0.9090909361839294
      ],
      [
        2.0,
        2.0,
        0.7272727489471436,
        0.8181818127632141
      ],
      [
        0.0,
        0.0,
        0.1428571492433548,
        0.2857142984867096
      ],
      [
        1.0,
        1.0,
        0.4285714328289032,
        0.9285714030265808
      ],
      [
        2.0,
        2.0,
        0.4545454680919647,
        0.5454545617103577
      ],
      [
        1.0,
        1.0,
        0.7857142686843872,
        0.8571428656578064
      ],
      [
        2.0,
        0.0,
        0.0,
        0.0
      ],
      [
        2.0,
        2.0,
        0.09090909361839294,
        0.1818181872367859
      ],
      [
        2.0,
        2.0,
        0.27272728085517883,
        0.3636363744735718
      ],
      [
        0.0,
        0.0,
        0.4285714328289032,
        0.5714285969734192
      ],
      [
        1.0,
        1.0,
        0.0714285746216774,
        0.1428571492433548
      ]
    ],
    "routes": [
      {
        "agent": 0,
        "stops": [
          {
            "node": 8,
            "operation": "dropoff"
          },
          {
            "node": 12,
            "operation": "pickup"
          },
          {
            "node": 15,
            "operation": "dropoff"
          },
          {
            "node": 8,
            "operation": "pickup"
          },
          {
            "node": 3,
            "operation": "dropoff"
          },
          {
            "node": 15,
            "operation": "pickup"
          }
        ],
        "completion_time": 6686.0
      },
      {
        "agent": 1,
        "stops": [
          {
            "node": 6,
            "operation": "dropoff"
          },
          {
            "node": 16,
            "operation": "dropoff"
          },
          {
            "node": 16,
            "operation": "pickup"
          },
          {
            "node": 2,
            "operation": "dropoff"
          },
          {
            "node": 2,
            "operation": "pickup"
          },
          {
            "node": 9,
            "operation": "dropoff"
          },
          {
            "node": 1,
            "operation": "dropoff"
          },
          {
            "node": 1,
            "operation": "pickup"
          },
          {
            "node": 4,
            "operation": "dropoff"
          },
          {
            "node": 4,
            "operation": "pickup"
          },
          {
            "node": 11,
            "operation": "dropoff"
          },
          {
            "node": 11,
            "operation": "pickup"
          },
          {
            "node": 9,
            "operation": "pickup"
          },
          {
            "node": 5,
            "operation": "pickup"
          }
        ],
        "completion_time": 7754.0
      },
      {
        "agent": 2,
        "stops": [
          {
            "node": 12,
            "operation": "dropoff"
          },
          {
            "node": 13,
            "operation": "dropoff"
          },
          {
            "node": 13,
            "operation": "pickup"
          },
          {
            "node": 14,
            "operation": "dropoff"
          },
          {
            "node": 14,
            "operation": "pickup"
          },
          {
            "node": 10,
            "operation": "dropoff"
          },
          {
            "node": 10,
            "operation": "pickup"
          },
          {
            "node": 5,
            "operation": "dropoff"
          },
          {
            "node": 7,
            "operation": "dropoff"
          },
          {
            "node": 7,
            "operation": "pickup"
          },
          {
            "node": 6,
            "operation": "pickup"
          },
          {
            "node": 3,
            "operation": "pickup"
          }
        ],
        "completion_time": 7835.0
      }
    ],
    "jobs": {
      "12": {
        "dropoff_time": 70.0,
        "processing_start": 70.0,
        "processing_end": 3640.0,
        "pickup_time": 3640.0,
        "wait_time": 3192.0,
        "assigned_agent": 2
      },
      "6": {
        "dropoff_time": 80.0,
        "processing_start": 80.0,
        "processing_end": 3715.0,
        "pickup_time": 7667.0,
        "wait_time": 0.0,
        "assigned_agent": 1
      },
      "16": {
        "dropoff_time": 109.0,
        "processing_start": 109.0,
        "processing_end": 613.0,
        "pickup_time": 613.0,
        "wait_time": 504.0,
        "assigned_agent": 1
      },
      "13": {
        "dropoff_time": 215.0,
        "processing_start": 215.0,
        "processing_end": 2155.0,
        "pickup_time": 2155.0,
        "wait_time": 1940.0,
        "assigned_agent": 2
      },
      "8": {
        "dropoff_time": 259.0,
        "processing_start": 259.0,
        "processing_end": 6028.0,
        "pickup_time": 6028.0,
        "wait_time": 1897.0,
        "assigned_agent": 0
      },
      "2": {
        "dropoff_time": 755.0,
        "processing_start": 755.0,
        "processing_end": 2603.0,
        "pickup_time": 2603.0,
        "wait_time": 1848.0,
        "assigned_agent": 1
      },
      "14": {
        "dropoff_time": 2212.0,
        "processing_start": 2212.0,
        "processing_end": 3124.0,
        "pickup_time": 3124.0,
        "wait_time": 912.0,
        "assigned_agent": 2
      },
      "9": {
        "dropoff_time": 2865.0,
        "processing_start": 2865.0,
        "processing_end": 4049.0,
        "pickup_time": 7244.0,
        "wait_time": 0.0,
        "assigned_agent": 1
      },
      "1": {
        "dropoff_time": 3154.0,
        "processing_start": 3154.0,
        "processing_end": 3799.0,
        "pickup_time": 3799.0,
        "wait_time": 645.0,
        "assigned_agent": 1
      },
      "10": {
        "dropoff_time": 3264.0,
        "processing_start": 3264.0,
        "processing_end": 7208.0,
        "pickup_time": 7208.0,
        "wait_time": 3944.0,
        "assigned_agent": 2
      },
      "15": {
        "dropoff_time": 3929.0,
        "processing_start": 3929.0,
        "processing_end": 5525.0,
        "pickup_time": 6440.0,
        "wait_time": 0.0,
        "assigned_agent": 0
      },
      "4": {
        "dropoff_time": 4026.0,
        "processing_start": 4026.0,
        "processing_end": 4558.0,
        "pickup_time": 4558.0,
        "wait_time": 532.0,
        "assigned_agent": 1
      },
      "11": {
        "dropoff_time": 4979.0,
        "processing_start": 4979.0,
        "processing_end": 6666.0,
        "pickup_time": 6666.0,
        "wait_time": 1687.0,
        "assigned_agent": 1
      },