{
  "problem": {
    "num_customers": 20,
    "num_agents": 3,
    "resources_per_agent": 5,
    "depot": 0,
    "tsp_file": "datasets/gr21/gr21.tsp",
    "jobs_file": "datasets/gr21/1R10/job_times_1.csv"
  },
  "alns_config": {
    "max_iterations": 20000,
    "max_time_seconds": 300,
    "parallel_workers": 4,
    "allow_cross_vehicle": true
  },
  "warm_start": {
    "used": true,
    "file": "results/heuristics_only/gr21/1R10/job_times_1_heuristics.json",
    "heuristic": "Greedy Defer 5.0x",
    "initial_makespan": 7180.0
  },
  "solution": {
    "makespan": 6737.0,
    "solve_time_seconds": 11.89701533317566,
    "cross_vehicle_pickups": 7,
    "improvement": 443.0,
    "improvement_pct": 6.16991643454039,
    "chromosome": [
      [
        0.0,
        0.0,
        0.6470588445663452,
        0.7058823704719543
      ],
      [
        0.0,
        0.0,
        0.529411792755127,
        0.5882353186607361
      ],
      [
        1.0,
        0.0,
        0.0,
        0.8823529481887817
      ],
      [
        0.0,
        0.0,
        0.29411765933036804,
        0.3529411852359772
      ],
      [
        0.0,
        1.0,
        0.11764705926179886,
        0.7272727489471436
      ],
      [
        2.0,
        1.0,
        0.0,
        0.9090909361839294
      ],
      [
        0.0,
        1.0,
        0.05882352963089943,
        0.8181818127632141
      ],
      [
        0.0,
        0.0,
        0.4117647111415863,
        0.47058823704719543
      ],
      [
        2.0,
        2.0,
        0.25,
        0.3333333432674408
      ],
      [
        1.0,
        2.0,
        0.09090909361839294,
        0.9166666865348816
      ],
      [
        0.0,
        0.0,
        0.0,
        0.9411764740943909
      ],
      [
        2.0,
        2.0,
        0.4166666567325592,
        0.5
      ],
      [
        1.0,
        1.0,
        0.4545454680919647,
        0.5454545617103577
      ],
      [
        1.0,
        1.0,
        0.3636363744735718,
        0.6363636255264282
      ],
      [
        0.0,
        0.0,
        0.1764705926179886,
        0.23529411852359772
      ],
      [
        2.0,
        2.0,
        0.1666666716337204,
        0.75
      ],
      [
        2.0,
        2.0,
        0.5833333134651184,
        0.6666666865348816
      ],
      [
        2.0,
        2.0,
        0.0833333358168602,
        0.8333333134651184
      ],
      [
        1.0,
        0.0,
        0.1818181872367859,
        0.8235294222831726
      ],
      [
        1.0,
        0.0,
        0.27272728085517883,
        0.7647058963775635
      ]
    ],
    "routes": [
      {
        "agent": 0,
        "stops": [
          {
            "node": 11,
            "operation": "dropoff"
          },
          {
            "node": 7,
            "operation": "dropoff"
          },
          {
            "node": 5,
            "operation": "dropoff"
          },
          {
            "node": 15,
            "operation": "dropoff"
          },
          {
            "node": 15,
            "operation": "pickup"
          },
          {
            "node": 4,
            "operation": "dropoff"
          },
          {
            "node": 4,
            "operation": "pickup"
          },
          {
            "node": 8,
            "operation": "dropoff"
          },
          {
            "node": 8,
            "operation": "pickup"
          },
          {
            "node": 2,
            "operation": "dropoff"
          },
          {
            "node": 2,
            "operation": "pickup"
          },
          {
            "node": 1,
            "operation": "dropoff"
          },
          {
            "node": 1,
            "operation": "pickup"
          },
          {
            "node": 20,
            "operation": "pickup"
          },
          {
            "node": 19,
            "operation": "pickup"
          },
          {
            "node": 3,
            "operation": "pickup"
          }
        ],
        "completion_time": 6737.0
      },
      {
        "agent": 1,
        "stops": [
          {
            "node": 3,
            "operation": "dropoff"
          },
          {
            "node": 10,
            "operation": "dropoff"
          },
          {
            "node": 19,
            "operation": "dropoff"
          },
          {
            "node": 20,
            "operation": "dropoff"
          },
          {
            "node": 14,
            "operation": "dropoff"
          },
          {
            "node": 14,
            "operation": "pickup"
          },
          {
            "node": 13,
            "operation": "dropoff"
          },
          {
            "node": 13,
            "operation": "pickup"
          },
          {
            "node": 5,
            "operation": "pickup"
          },
          {
            "node": 7,
            "operation": "pickup"
          },
          {
            "node": 6,
            "operation": "pickup"
          },
          {
            "node": 11,
            "operation": "pickup"
          }
        ],
        "completion_time": 6553.0
      },
      {
        "agent": 2,
        "stops": [
          {
            "node": 6,
            "operation": "dropoff"
          },
          {
            "node": 18,
            "operation": "dropoff"
          },
          {
            "node": 16,
            "operation": "dropoff"
          },
          {
            "node": 9,
            "operation": "dropoff"
          },
          {
            "node": 9,
            "operation": "pickup"
          },
          {
            "node": 12,
            "operation": "dropoff"
          },
          {
            "node": 12,
            "operation": "pickup"
          },
          {
            "node": 17,
            "operation": "dropoff"
          },
          {
            "node": 17,
            "operation": "pickup"
          },
          {
            "node": 16,
            "operation": "pickup"
          },
          {
            "node": 18,
            "operation": "pickup"
          },
          {
            "node": 10,
            "operation": "pickup"
          }
        ],
        "completion_time": 6604.0
      }
    ],
    "jobs": {
      "11": {
        "dropoff_time": 68.0,
        "processing_start": 68.0,
        "processing_end": 1032.0,
        "pickup_time": 6485.0,
        "wait_time": 0.0,
        "assigned_agent": 0
      },
      "3": {
        "dropoff_time": 91.0,
        "processing_start": 91.0,
        "processing_end": 685.0,
        "pickup_time": 6646.0,
        "wait_time": 0.0,
        "assigned_agent": 1
      },
      "6": {
        "dropoff_time": 110.0,
        "processing_start": 110.0,
        "processing_end": 3018.0,
        "pickup_time": 6437.0,
        "wait_time": 0.0,
        "assigned_agent": 2
      },
      "7": {
        "dropoff_time": 135.0,
        "processing_start": 135.0,
        "processing_end": 229.0,
        "pickup_time": 6408.0,
        "wait_time": 0.0,
        "assigned_agent": 0
      },
      "10": {
        "dropoff_time": 154.0,
        "processing_start": 154.0,
        "processing_end": 647.0,
        "pickup_time": 6449.0,
        "wait_time": 0.0,
        "assigned_agent": 1
      },
      "5": {
        "dropoff_time": 171.0,
        "processing_start": 171.0,
        "processing_end": 269.0,
        "pickup_time": 6372.0,
        "wait_time": 0.0,
        "assigned_agent": 0
      },
      "19": {
        "dropoff_time": 254.0,
        "processing_start": 254.0,
        "processing_end": 3694.0,
        "pickup_time": 6506.0,
        "wait_time": 0.0,
        "assigned_agent": 1
      },
      "15": {
        "dropoff_time": 296.0,
        "processing_start": 296.0,
        "processing_end": 1493.0,
        "pickup_time": 1493.0,
        "wait_time": 1197.0,
        "assigned_agent": 0
      },
      "18": {
        "dropoff_time": 330.0,