{
  "problem": {
    "num_customers": 20,
    "num_agents": 3,
    "resources_per_agent": 5,
    "depot": 0,
    "tsp_file": "datasets/gr21/gr21.tsp",
    "jobs_file": "datasets/gr21/1R10/job_times_2.csv"
  },
  "alns_config": {
    "max_iterations": 20000,
    "max_time_seconds": 300,
    "parallel_workers": 4,
    "allow_cross_vehicle": true
  },
  "warm_start": {
    "used": true,
    "file": "results/heuristics_only/gr21/1R10/job_times_2_heuristics.json",
    "heuristic": "Greedy Defer 5.0x",
    "initial_makespan": 11099.0
  },
  "solution": {
    "makespan": 10016.0,
    "solve_time_seconds": 8.851337671279907,
    "cross_vehicle_pickups": 3,
    "improvement": 1083.0,
    "improvement_pct": 9.75763582304712,
    "chromosome": [
      [
        2.0,
        2.0,
        0.2857142984867096,
        0.3571428656578064
      ],
      [
        0.0,
        0.0,
        0.5714285969734192,
        0.6428571343421936
      ],
      [
        1.0,
        1.0,
        0.0,
        0.8333333134651184
      ],
      [
        0.0,
        0.0,
        0.2857142984867096,
        0.3571428656578064
      ],
      [
        0.0,
        0.0,
        0.1428571492433548,
        0.7857142686843872
      ],
      [
        2.0,
        0.0,
        0.0,
        0.9285714030265808
      ],
      [
        0.0,
        0.0,
        0.0714285746216774,
        0.8571428656578064
      ],
      [
        0.0,
        0.0,
        0.4285714328289032,
        0.5
      ],
      [
        1.0,
        1.0,
        0.5833333134651184,
        0.6666666865348816
      ],
      [
        1.0,
        2.0,
        0.0833333358168602,
        0.9285714030265808
      ],
      [
        0.0,
        1.0,
        0.0,
        0.9166666865348816
      ],
      [
        2.0,
        2.0,
        0.5,
        0.5714285969734192
      ],
      [
        2.0,
        2.0,
        0.6428571343421936,
        0.7142857313156128
      ],
      [
        2.0,
        2.0,
        0.4285714328289032,
        0.7857142686843872
      ],
      [
        0.0,
        0.0,
        0.2142857164144516,
        0.7142857313156128
      ],
      [
        1.0,
        1.0,
        0.25,
        0.3333333432674408
      ],
      [
        1.0,
        1.0,
        0.4166666567325592,
        0.5
      ],
      [
        1.0,
        1.0,
        0.1666666716337204,
        0.75
      ],
      [
        2.0,
        2.0,
        0.0714285746216774,
        0.8571428656578064
      ],
      [
        2.0,
        2.0,
        0.1428571492433548,
        0.2142857164144516
      ]
    ],
    "routes": [
      {
        "agent": 0,
        "stops": [
          {
            "node": 11,
            "operation": "dropoff"
          },
          {
            "node": 7,
            "operation": "dropoff"
          },
          {
            "node": 5,
            "operation": "dropoff"
          },
          {
            "node": 15,
            "operation": "dropoff"
          },
          {
            "node": 4,
            "operation": "dropoff"
          },
          {
            "node": 4,
            "operation": "pickup"
          },
          {
            "node": 8,
            "operation": "dropoff"
          },
          {
            "node": 8,
            "operation": "pickup"
          },
          {
            "node": 2,
            "operation": "dropoff"
          },
          {
            "node": 2,
            "operation": "pickup"
          },
          {
            "node": 15,
            "operation": "pickup"
          },
          {
            "node": 5,
            "operation": "pickup"
          },
          {
            "node": 7,
            "operation": "pickup"
          },
          {
            "node": 6,
            "operation": "pickup"
          }
        ],
        "completion_time": 9705.0
      },
      {
        "agent": 1,
        "stops": [
          {
            "node": 3,
            "operation": "dropoff"
          },
          {
            "node": 10,
            "operation": "dropoff"
          },
          {
            "node": 18,
            "operation": "dropoff"
          },
          {
            "node": 16,
            "operation": "dropoff"
          },
          {
            "node": 16,
            "operation": "pickup"
          },
          {
            "node": 17,
            "operation": "dropoff"
          },
          {
            "node": 17,
            "operation": "pickup"
          },
          {
            "node": 9,
            "operation": "dropoff"
          },
          {
            "node": 9,
            "operation": "pickup"
          },
          {
            "node": 18,
            "operation": "pickup"
          },
          {
            "node": 3,
            "operation": "pickup"
          },
          {
            "node": 11,
            "operation": "pickup"
          }
        ],
        "completion_time": 7676.0
      },
      {
        "agent": 2,
        "stops": [
          {
            "node": 6,
            "operation": "dropoff"
          },
          {
            "node": 19,
            "operation": "dropoff"
          },
          {
            "node": 20,
            "operation": "dropoff"
          },
          {
            "node": 20,
            "operation": "pickup"
          },
          {
            "node": 1,
            "operation": "dropoff"
          },
          {
            "node": 1,
            "operation": "pickup"
          },
          {
            "node": 14,
            "operation": "dropoff"
          },
          {
            "node": 12,
            "operation": "dropoff"
          },
          {
            "node": 12,
            "operation": "pickup"
          },
          {
            "node": 13,
            "operation": "dropoff"
          },
          {
            "node": 13,
            "operation": "pickup"
          },
          {
            "node": 14,
            "operation": "pickup"
          },
          {
            "node": 19,
            "operation": "pickup"
          },
          {
            "node": 10,
            "operation": "pickup"
          }
        ],
        "completion_time": 10016.0
      }
    ],
    "jobs": {
      "11": {
        "dropoff_time": 68.0,
        "processing_start": 68.0,
        "processing_end": 1755.0,
        "pickup_time": 7608.0,
        "wait_time": 0.0,
        "assigned_agent": 0
      },
      "3": {
        "dropoff_time": 91.0,
        "processing_start": 91.0,
        "processing_end": 685.0,
        "pickup_time": 7581.0,
        "wait_time": 0.0,
        "assigned_agent": 1
      },
      "6": {
        "dropoff_time": 110.0,
        "processing_start": 110.0,
        "processing_end": 3745.0,
        "pickup_time": 9595.0,
        "wait_time": 0.0,
        "assigned_agent": 2
      },
      "7": {
        "dropoff_time": 135.0,
        "processing_start": 135.0,
        "processing_end": 323.0,
        "pickup_time": 9566.0,
        "wait_time": 0.0,
        "assigned_agent": 0
      },
      "10": {
        "dropoff_time": 154.0,
        "processing_start": 154.0,
        "processing_end": 4098.0,
        "pickup_time": 9861.0,
        "wait_time": 0.0,
        "assigned_agent": 1
      },
      "5": {
        "dropoff_time": 171.0,
        "processing_start": 171.0,
        "processing_end": 269.0,
        "pickup_time": 9530.0,
        "wait_time": 0.0,
        "assigned_agent": 0
      },
      "18": {
        "dropoff_time": 279.0,
        "processing_start": 279.0,
        "processing_end": 1221.0,
        "pickup_time": 7421.0,
        "wait_time": 0.0,
        "assigned_agent": 1
      },
      "15": {
        "dropoff_time": 296.0,
        "processing_start": 296.0,
        "processing_end": 1892.0,
        "pickup_time": 9405.0,
        "wait_time": 0.0,
        "assigned_agent": 0
      },
      "19": {
        "dropoff_time": 315.0,
        "processing_start": 315.0,