{
  "problem": {
    "num_customers": 16,
    "num_agents": 3,
    "resources_per_agent": 5,
    "depot": 0,
    "tsp_file": "datasets/gr17/gr17.tsp",
    "jobs_file": "datasets/gr17/5x/job_times.csv"
  },
  "alns_config": {
    "max_iterations": 20000,
    "max_time_seconds": 300,
    "parallel_workers": 4,
    "allow_cross_vehicle": true
  },
  "warm_start": {
    "used": true,
    "file": "results/heuristics_only/gr17/5x/gr17_heuristics.json",
    "heuristic": "Greedy Defer 5.0x",
    "initial_makespan": 5816.0
  },
  "solution": {
    "makespan": 4796.0,
    "solve_time_seconds": 1.5201070308685303,
    "cross_vehicle_pickups": 7,
    "improvement": 1020.0,
    "improvement_pct": 17.537826685006877,
    "chromosome": [
      [
        2.0,
        2.0,
        0.3333333432674408,
        0.4000000059604645
      ],
      [
        0.0,
        0.0,
        0.375,
        0.875
      ],
      [
        2.0,
        2.0,
        0.0,
        0.7333333492279053
      ],
      [
        2.0,
        2.0,
        0.20000000298023224,
        0.2666666805744171
      ],
      [
        0.0,
        1.0,
        0.25,
        0.7777777910232544
      ],
      [
        1.0,
        2.0,
        0.0,
        0.8666666746139526
      ],
      [
        0.0,
        2.0,
        0.125,
        0.9333333373069763
      ],
      [
        0.0,
        0.0,
        0.5,
        0.625
      ],
      [
        2.0,
        2.0,
        0.46666666865348816,
        0.5333333611488342
      ],
      [
        1.0,
        0.0,
        0.1111111119389534,
        0.75
      ],
      [
        1.0,
        1.0,
        0.2222222238779068,
        0.3333333432674408
      ],
      [
        0.0,
        2.0,
        0.0,
        0.800000011920929
      ],
      [
        2.0,
        1.0,
        0.13333334028720856,
        0.8888888955116272
      ],
      [
        2.0,
        2.0,
        0.6000000238418579,
        0.6666666865348816
      ],
      [
        1.0,
        1.0,
        0.4444444477558136,
        0.5555555820465088
      ],
      [
        2.0,
        1.0,
        0.06666667014360428,
        0.6666666865348816
      ]
    ],
    "routes": [
      {
        "agent": 0,
        "stops": [
          {
            "node": 12,
            "operation": "dropoff"
          },
          {
            "node": 7,
            "operation": "dropoff"
          },
          {
            "node": 5,
            "operation": "dropoff"
          },
          {
            "node": 2,
            "operation": "dropoff"
          },
          {
            "node": 8,
            "operation": "dropoff"
          },
          {
            "node": 8,
            "operation": "pickup"
          },
          {
            "node": 10,
            "operation": "pickup"
          },
          {
            "node": 2,
            "operation": "pickup"
          },
          {
            "node": 7,
            "operation": "pickup"
          },
          {
            "node": 13,
            "operation": "pickup"
          }
        ],
        "completion_time": 4796.0
      },
      {
        "agent": 1,
        "stops": [
          {
            "node": 6,
            "operation": "dropoff"
          },
          {
            "node": 10,
            "operation": "dropoff"
          },
          {
            "node": 11,
            "operation": "dropoff"
          },
          {
            "node": 11,
            "operation": "pickup"
          },
          {
            "node": 15,
            "operation": "dropoff"
          },
          {
            "node": 15,
            "operation": "pickup"
          },
          {
            "node": 16,
            "operation": "pickup"
          },
          {
            "node": 5,
            "operation": "pickup"
          }
        ],
        "completion_time": 4685.0
      },
      {
        "agent": 2,
        "stops": [
          {
            "node": 3,
            "operation": "dropoff"
          },
          {
            "node": 16,
            "operation": "dropoff"
          },
          {
            "node": 13,
            "operation": "dropoff"
          },
          {
            "node": 4,
            "operation": "dropoff"
          },
          {
            "node": 4,
            "operation": "pickup"
          },
          {
            "node": 1,
            "operation": "dropoff"
          },
          {
            "node": 1,
            "operation": "pickup"
          },
          {
            "node": 9,
            "operation": "dropoff"
          },
          {
            "node": 9,
            "operation": "pickup"
          },
          {
            "node": 14,
            "operation": "dropoff"
          },
          {
            "node": 14,
            "operation": "pickup"
          },
          {
            "node": 3,
            "operation": "pickup"
          },
          {
            "node": 12,
            "operation": "pickup"
          },
          {
            "node": 6,
            "operation": "pickup"
          }
        ],
        "completion_time": 4283.0
      }
    ],
    "jobs": {
      "12": {
        "dropoff_time": 70.0,
        "processing_start": 70.0,
        "processing_end": 1855.0,
        "pickup_time": 4156.0,
        "wait_time": 0.0,
        "assigned_agent": 0
      },
      "6": {
        "dropoff_time": 80.0,
        "processing_start": 80.0,
        "processing_end": 3715.0,
        "pickup_time": 4203.0,
        "wait_time": 0.0,
        "assigned_agent": 1
      },
      "3": {
        "dropoff_time": 91.0,
        "processing_start": 91.0,
        "processing_end": 1576.0,
        "pickup_time": 4129.0,
        "wait_time": 0.0,
        "assigned_agent": 2
      },
      "7": {
        "dropoff_time": 138.0,
        "processing_start": 138.0,
        "processing_end": 373.0,
        "pickup_time": 4477.0,
        "wait_time": 0.0,
        "assigned_agent": 0
      },
      "5": {
        "dropoff_time": 172.0,
        "processing_start": 172.0,
        "processing_end": 662.0,
        "pickup_time": 4535.0,
        "wait_time": 0.0,
        "assigned_agent": 0
      },
      "16": {
        "dropoff_time": 175.0,
        "processing_start": 175.0,
        "processing_end": 805.0,
        "pickup_time": 4500.0,
        "wait_time": 0.0,
        "assigned_agent": 2
      },
      "13": {
        "dropoff_time": 271.0,
        "processing_start": 271.0,
        "processing_end": 2696.0,
        "pickup_time": 4585.0,
        "wait_time": 0.0,
        "assigned_agent": 2
      },
      "2": {
        "dropoff_time": 284.0,
        "processing_start": 284.0,
        "processing_end": 2594.0,
        "pickup_time": 4323.0,
        "wait_time": 0.0,
        "assigned_agent": 0
      },
      "10": {
        "dropoff_time": 372.0,
        "processing_start": 372.0,
        "processing_end": 2837.0,
        "pickup_time": 4213.0,
        "wait_time": 0.0,
        "assigned_agent": 1
      },
      "4": {
        "dropoff_time": 514.0,
        "processing_start": 514.0,
        "processing_end": 1179.0,
        "pickup_time": 1179.0,
        "wait_time": 665.0,
        "assigned_agent": 2
      },
      "8": {
        "dropoff_time": 656.0,
        "processing_start": 656.0,
        "processing_end": 3861.0,
        "pickup_time": 3861.0,
        "wait_time": 3205.0,
        "assigned_agent": 0
      },
      "11": {
        "dropoff_time": 807.0,
        "processing_start": 807.0,
        "processing_end": 2012.0,
        "pickup_time": 2012.0,
        "wait_time": 1205.0,
        "assigned_agent": 1
      },
      "1": {
        "dropoff_time": 1406.0,
        "processing_start": 1406.0,
        "processing_end": 2051.0,
        "pickup_time": 2051.0,
        "wait_time": 645.0,
        "assigned_agent": 2
      },
      "15": {
        "dropoff_time": 2169.0,
        "processing_start": 2169.0,
        "processing_end": 4164.0,