{
  "problem": {
    "num_customers": 20,
    "num_agents": 3,
    "resources_per_agent": 5,
    "depot": 0,
    "tsp_file": "datasets/gr21/gr21.tsp",
    "jobs_file": "datasets/gr21/1R20/job_times_1.csv"
  },
  "alns_config": {
    "max_iterations": 20000,
    "max_time_seconds": 300,
    "parallel_workers": 4,
    "allow_cross_vehicle": true
  },
  "warm_start": {
    "used": true,
    "file": "results/heuristics_only/gr21/1R20/job_times_1_heuristics.json",
    "heuristic": "Greedy Defer 5.0x",
    "initial_makespan": 22450.0
  },
  "solution": {
    "makespan": 22436.0,
    "solve_time_seconds": 2.6242835521698,
    "cross_vehicle_pickups": 1,
    "improvement": 14.0,
    "improvement_pct": 0.06236080178173719,
    "chromosome": [
      [
        1.0,
        1.0,
        0.375,
        0.4375
      ],
      [
        0.0,
        0.0,
        0.5384615659713745,
        0.6153846383094788
      ],
      [
        1.0,
        1.0,
        0.0,
        0.9375
      ],
      [
        0.0,
        0.0,
        0.23076923191547394,
        0.3076923191547394
      ],
      [
        0.0,
        0.0,
        0.07692307978868484,
        0.7692307829856873
      ],
      [
        2.0,
        0.0,
        0.0,
        0.9230769276618958
      ],
      [
        0.0,
        0.0,
        0.0,
        0.8461538553237915
      ],
      [
        0.0,
        0.0,
        0.38461539149284363,
        0.4615384638309479
      ],
      [
        2.0,
        2.0,
        0.4545454680919647,
        0.5454545617103577
      ],
      [
        1.0,
        1.0,
        0.0625,
        0.125
      ],
      [
        2.0,
        2.0,
        0.09090909361839294,
        0.1818181872367859
      ],
      [
        1.0,
        1.0,
        0.75,
        0.8125
      ],
      [
        1.0,
        1.0,
        0.625,
        0.6875
      ],
      [
        1.0,
        1.0,
        0.5,
        0.5625
      ],
      [
        0.0,
        0.0,
        0.1538461595773697,
        0.692307710647583
      ],
      [
        2.0,
        2.0,
        0.3636363744735718,
        0.8181818127632141
      ],
      [
        2.0,
        2.0,
        0.6363636255264282,
        0.7272727489471436
      ],
      [
        2.0,
        2.0,
        0.27272728085517883,
        0.9090909361839294
      ],
      [
        1.0,
        1.0,
        0.1875,
        0.875
      ],
      [
        1.0,
        1.0,
        0.25,
        0.3125
      ]
    ],
    "routes": [
      {
        "agent": 0,
        "stops": [
          {
            "node": 7,
            "operation": "dropoff"
          },
          {
            "node": 5,
            "operation": "dropoff"
          },
          {
            "node": 15,
            "operation": "dropoff"
          },
          {
            "node": 4,
            "operation": "dropoff"
          },
          {
            "node": 4,
            "operation": "pickup"
          },
          {
            "node": 8,
            "operation": "dropoff"
          },
          {
            "node": 8,
            "operation": "pickup"
          },
          {
            "node": 2,
            "operation": "dropoff"
          },
          {
            "node": 2,
            "operation": "pickup"
          },
          {
            "node": 15,
            "operation": "pickup"
          },
          {
            "node": 5,
            "operation": "pickup"
          },
          {
            "node": 7,
            "operation": "pickup"
          }
        ],
        "completion_time": 22436.0
      },
      {
        "agent": 1,
        "stops": [
          {
            "node": 3,
            "operation": "dropoff"
          },
          {
            "node": 10,
            "operation": "dropoff"
          },
          {
            "node": 10,
            "operation": "pickup"
          },
          {
            "node": 19,
            "operation": "dropoff"
          },
          {
            "node": 20,
            "operation": "dropoff"
          },
          {
            "node": 20,
            "operation": "pickup"
          },
          {
            "node": 1,
            "operation": "dropoff"
          },
          {
            "node": 1,
            "operation": "pickup"
          },
          {
            "node": 14,
            "operation": "dropoff"
          },
          {
            "node": 14,
            "operation": "pickup"
          },
          {
            "node": 13,
            "operation": "dropoff"
          },
          {
            "node": 13,
            "operation": "pickup"
          },
          {
            "node": 12,
            "operation": "dropoff"
          },
          {
            "node": 12,
            "operation": "pickup"
          },
          {
            "node": 19,
            "operation": "pickup"
          },
          {
            "node": 3,
            "operation": "pickup"
          }
        ],
        "completion_time": 20659.0
      },
      {
        "agent": 2,
        "stops": [
          {
            "node": 6,
            "operation": "dropoff"
          },
          {
            "node": 11,
            "operation": "dropoff"
          },
          {
            "node": 11,
            "operation": "pickup"
          },
          {
            "node": 18,
            "operation": "dropoff"
          },
          {
            "node": 16,
            "operation": "dropoff"
          },
          {
            "node": 9,
            "operation": "dropoff"
          },
          {
            "node": 9,
            "operation": "pickup"
          },
          {
            "node": 17,
            "operation": "dropoff"
          },
          {
            "node": 17,
            "operation": "pickup"
          },
          {
            "node": 16,
            "operation": "pickup"
          },
          {
            "node": 18,
            "operation": "pickup"
          },
          {
            "node": 6,
            "operation": "pickup"
          }
        ],
        "completion_time": 13990.0
      }
    ],
    "jobs": {
      "3": {
        "dropoff_time": 91.0,
        "processing_start": 91.0,
        "processing_end": 685.0,
        "pickup_time": 20568.0,
        "wait_time": 0.0,
        "assigned_agent": 1
      },
      "6": {
        "dropoff_time": 110.0,
        "processing_start": 110.0,
        "processing_end": 11015.0,
        "pickup_time": 13880.0,
        "wait_time": 0.0,
        "assigned_agent": 2
      },
      "7": {
        "dropoff_time": 130.0,
        "processing_start": 130.0,
        "processing_end": 647.0,
        "pickup_time": 22306.0,
        "wait_time": 0.0,
        "assigned_agent": 0
      },
      "10": {
        "dropoff_time": 154.0,
        "processing_start": 154.0,
        "processing_end": 5084.0,
        "pickup_time": 5084.0,
        "wait_time": 4930.0,
        "assigned_agent": 1
      },
      "11": {
        "dropoff_time": 158.0,
        "processing_start": 158.0,
        "processing_end": 640.0,
        "pickup_time": 640.0,
        "wait_time": 482.0,
        "assigned_agent": 2
      },
      "5": {
        "dropoff_time": 166.0,
        "processing_start": 166.0,
        "processing_end": 1734.0,
        "pickup_time": 22270.0,
        "wait_time": 0.0,
        "assigned_agent": 0
      },
      "15": {
        "dropoff_time": 291.0,
        "processing_start": 291.0,
        "processing_end": 5877.0,
        "pickup_time": 22145.0,
        "wait_time": 0.0,
        "assigned_agent": 0
      },
      "4": {
        "dropoff_time": 416.0,
        "processing_start": 416.0,
        "processing_end": 815.0,
        "pickup_time": 815.0,
        "wait_time": 399.0,
        "assigned_agent": 0
      },
      "18": {
        "dropoff_time": 810.0,
        "processing_start": 810.0,
        "processing_end": 3479.0,
        "pickup_time": 13660.0,
        "wait_time": 0.0,